0.0000,61765.6454,0.0000,1.0000,0.0000,-0.3584
0.0064,44398.9688,0.0064,1.0000,0.0010,-0.3864
0.0128,30764.7308,0.0128,1.0000,0.0020,-0.4142
0.0192,20748.5721,0.0192,1.0000,0.0030,-0.4419
0.0256,14053.1604,0.0256,1.0000,0.0040,-0.4696
0.0320,10114.5010,0.0320,1.0000,0.0050,-0.4970
0.0384,8119.0031,0.0384,1.0000,0.0060,-0.5244
0.0448,7180.1352,0.0448,1.0000,0.0070,-0.5517
0.0512,6553.3413,0.0512,1.0000,0.0080,-0.5788
0.0576,5827.5734,0.0576,1.0000,0.0090,-0.6058
0.0640,4946.5611,0.0640,1.0000,0.0100,-0.6327
0.0704,4059.8179,0.0704,1.0000,0.0110,-0.6595
0.0768,3350.1407,0.0768,1.0000,0.0120,-0.6861
0.0832,2891.5622,0.0832,1.0000,0.0130,-0.7127
0.0896,2634.4115,0.0896,1.0000,0.0140,-0.7391
0.0960,2470.6258,0.0960,1.0000,0.0150,-0.7654
0.1024,2304.4079,0.1024,1.0001,0.0160,-0.7916
0.1088,2100.4873,0.1088,1.0001,0.0170,-0.8177
0.1152,1875.5225,0.1152,1.0001,0.0180,-0.8436
0.1216,1667.1032,0.1216,1.0001,0.0190,-0.8694
0.1280,1503.0428,0.1280,1.0001,0.0200,-0.8951
0.1344,1385.5329,0.1344,1.0001,0.0210,-0.9207
0.1408,1298.8428,0.1408,1.0001,0.0220,-0.9462
0.1472,1222.6718,0.1472,1.0002,0.0230,-0.9716
0.1536,1144.3991,0.1536,1.0002,0.0240,-0.9968
0.1600,1062.8651,0.1600,1.0002,0.0250,-1.0220
0.1664,983.6869,0.1664,1.0002,0.0260,-1.0470
0.1728,913.3961,0.1728,1.0002,0.0270,-1.0719
0.1792,854.6189,0.1792,1.0003,0.0280,-1.0966
0.1856,805.6104,0.1856,1.0003,0.0290,-1.1213
0.1920,762.5388,0.1920,1.0003,0.0300,-1.1458
0.1984,721.9516,0.1984,1.0004,0.0310,-1.1703
0.2048,682.4649,0.2048,1.0004,0.0320,-1.1946
0.2112,644.4798,0.2112,1.0004,0.0330,-1.2188
0.2176,609.1209,0.2176,1.0005,0.0340,-1.2429
0.2240,577.1849,0.2240,1.0005,0.0350,-1.2668
0.2304,548.5980,0.2304,1.0006,0.0360,-1.2907
0.2368,522.6815,0.2368,1.0006,0.0370,-1.3144
0.2432,498.6100,0.2432,1.0007,0.0380,-1.3380
0.2496,475.8325,0.2496,1.0007,0.0390,-1.3615
0.2560,454.2020,0.2560,1.0008,0.0400,-1.3849
0.2624,433.8134,0.2624,1.0009,0.0410,-1.4082
0.2688,414.8018,0.2688,1.0009,0.0420,-1.4314
0.2752,397.1758,0.2752,1.0010,0.0430,-1.4544
0.2816,380.8008,0.2816,1.0011,0.0440,-1.4774
0.2880,365.4772,0.2880,1.0011,0.0450,-1.5002
0.2944,351.0240,0.2944,1.0012,0.0460,-1.5229
0.3008,337.3370,0.3008,1.0013,0.0470,-1.5455
0.3072,324.3779,0.3072,1.0014,0.0480,-1.5680
0.3136,312.1378,0.3136,1.0015,0.0490,-1.5903
0.3200,300.6005,0.3200,1.0016,0.0500,-1.6126
0.3264,289.7236,0.3264,1.0016,0.0510,-1.6347
0.3328,279.4470,0.3328,1.0017,0.0520,-1.6568
0.3392,269.7085,0.3392,1.0018,0.0530,-1.6787
0.3456,260.4582,0.3456,1.0020,0.0540,-1.7005
0.3520,251.6624,0.3520,1.0021,0.0550,-1.7222
0.3584,243.2980,0.3584,1.0022,0.0560,-1.7438
0.3648,235.3454,0.3648,1.0023,0.0570,-1.7653
0.3712,227.7822,0.3712,1.0024,0.0580,-1.7866
0.3776,220.5831,0.3776,1.0025,0.0590,-1.8079
0.3840,213.7220,0.3840,1.0027,0.0600,-1.8291
0.3904,207.1746,0.3904,1.0028,0.0610,-1.8501
0.3968,200.9210,0.3968,1.0030,0.0620,-1.8710
0.4032,194.9443,0.4032,1.0031,0.0630,-1.8918
0.4096,189.2300,0.4096,1.0033,0.0640,-1.9126
0.4160,183.7641,0.4160,1.0034,0.0650,-1.9332
0.4224,178.5328,0.4224,1.0036,0.0660,-1.9537
0.4288,173.5224,0.4288,1.0037,0.0670,-1.9741
0.4352,168.7200,0.4352,1.0039,0.0680,-1.9943
0.4416,164.1139,0.4416,1.0041,0.0690,-2.0145
0.4480,159.6933,0.4480,1.0043,0.0700,-2.0346
0.4544,155.4488,0.4544,1.0044,0.0710,-2.0545
0.4608,151.3713,0.4608,1.0046,0.0720,-2.0744
0.4672,147.4524,0.4672,1.0048,0.0730,-2.0941
0.4736,143.6839,0.4736,1.0050,0.0740,-2.1138
0.4800,140.0582,0.4800,1.0052,0.0750,-2.1333
0.4864,136.5679,0.4864,1.0054,0.0760,-2.1528
0.4928,133.2063,0.4928,1.0057,0.0770,-2.1721
0.4992,129.9673,0.4992,1.0059,0.0780,-2.1913
0.5056,126.8450,0.5056,1.0061,0.0790,-2.2105
0.5120,123.8339,0.5120,1.0063,0.0800,-2.2295
0.5184,120.9289,0.5184,1.0066,0.0810,-2.2484
0.5248,118.1248,0.5248,1.0068,0.0820,-2.2672
0.5312,115.4172,0.5312,1.0071,0.0830,-2.2859
0.5376,112.8016,0.5376,1.0074,0.0840,-2.3045
0.5440,110.2739,0.5440,1.0076,0.0850,-2.3230
0.5504,107.8303,0.5504,1.0079,0.0860,-2.3414
0.5568,105.4669,0.5568,1.0082,0.0870,-2.3597
0.5632,103.1804,0.5632,1.0085,0.0880,-2.3780
0.5696,100.9675,0.5696,1.0087,0.0890,-2.3961
0.5760,98.8250,0.5760,1.0090,0.0900,-2.4141
0.5824,96.7500,0.5824,1.0093,0.0910,-2.4320
0.5888,94.7397,0.5888,1.0097,0.0920,-2.4498
0.5952,92.7914,0.5952,1.0100,0.0930,-2.4675
0.6016,90.9025,0.6016,1.0103,0.0940,-2.4851
0.6080,89.0708,0.6080,1.0106,0.0950,-2.5026
0.6144,87.2939,0.6144,1.0110,0.0960,-2.5200
0.6208,85.5696,0.6208,1.0113,0.0970,-2.5373
0.6272,83.8959,0.6272,1.0117,0.0980,-2.5546
0.6336,82.2708,0.6336,1.0120,0.0990,-2.5717
0.6400,80.6925,0.6400,1.0124,0.1000,-2.5887
0.6464,79.1592,0.6464,1.0128,0.1010,-2.6057
0.6528,77.6692,0.6528,1.0132,0.1020,-2.6225
0.6592,76.2208,0.6592,1.0136,0.1030,-2.6392
0.6656,74.8126,0.6656,1.0140,0.1040,-2.6559
0.6720,73.4431,0.6720,1.0144,0.1050,-2.6724
0.6784,72.1108,0.6784,1.0148,0.1060,-2.6889
0.6848,70.8145,0.6848,1.0152,0.1070,-2.7053
0.6912,69.5528,0.6912,1.0156,0.1080,-2.7215
0.6976,68.3245,0.6976,1.0161,0.1090,-2.7377
0.7040,67.1285,0.7040,1.0165,0.1100,-2.7538
0.7104,65.9636,0.7104,1.0170,0.1110,-2.7698
0.7168,64.8287,0.7168,1.0174,0.1120,-2.7857
0.7232,63.7229,0.7232,1.0179,0.1130,-2.8015
0.7296,62.6452,0.7296,1.0184,0.1140,-2.8173
0.7360,61.5945,0.7360,1.0189,0.1150,-2.8329
0.7424,60.5701,0.7424,1.0194,0.1160,-2.8484
0.7488,59.5710,0.7488,1.0199,0.1170,-2.8639
0.7552,58.5965,0.7552,1.0204,0.1180,-2.8793
0.7616,57.6456,0.7616,1.0209,0.1190,-2.8945
0.7680,56.7178,0.7680,1.0214,0.1200,-2.9097
0.7744,55.8121,0.7744,1.0220,0.1210,-2.9248
0.7808,54.9280,0.7808,1.0225,0.1220,-2.9398
0.7872,54.0647,0.7872,1.0231,0.1230,-2.9548
0.7936,53.2216,0.7936,1.0236,0.1240,-2.9696
0.8000,52.3980,0.8000,1.0242,0.1250,-2.9844
0.8064,51.5935,0.8064,1.0248,0.1260,-2.9990
0.8128,50.8073,0.8128,1.0254,0.1270,-3.0136
0.8192,50.0390,0.8192,1.0260,0.1280,-3.0281
0.8256,49.2879,0.8256,1.0266,0.1290,-3.0426
0.8320,48.5537,0.8320,1.0272,0.1300,-3.0569
0.8384,47.8357,0.8384,1.0279,0.1310,-3.0711
0.8448,47.1335,0.8448,1.0285,0.1320,-3.0853
0.8512,46.4467,0.8512,1.0292,0.1330,-3.0994
0.8576,45.7748,0.8576,1.0298,0.1340,-3.1134
0.8640,45.1173,0.8640,1.0305,0.1350,-3.1273
0.8704,44.4740,0.8704,1.0312,0.1360,-3.1412
0.8768,43.8443,0.8768,1.0319,0.1370,-3.1549
0.8832,43.2278,0.8832,1.0326,0.1380,-3.1686
0.8896,42.6243,0.8896,1.0333,0.1390,-3.1822
0.8960,42.0333,0.8960,1.0340,0.1400,-3.1957
0.9024,41.4546,0.9024,1.0348,0.1410,-3.2092
0.9088,40.8877,0.9088,1.0355,0.1420,-3.2225
0.9152,40.3323,0.9152,1.0363,0.1430,-3.2358
0.9216,39.7882,0.9216,1.0370,0.1440,-3.2490
0.9280,39.2550,0.9280,1.0378,0.1450,-3.2621
0.9344,38.7325,0.9344,1.0386,0.1460,-3.2752
0.9408,38.2204,0.9408,1.0394,0.1470,-3.2882
0.9472,37.7184,0.9472,1.0402,0.1480,-3.3010
0.9536,37.2261,0.9536,1.0410,0.1490,-3.3139
0.9600,36.7434,0.9600,1.0419,0.1500,-3.3266
0.9664,36.2699,0.9664,1.0427,0.1510,-3.3393
0.9728,35.8056,0.9728,1.0436,0.1520,-3.3519
0.9792,35.3503,0.9792,1.0444,0.1530,-3.3644
0.9856,34.9037,0.9856,1.0453,0.1540,-3.3769
0.9920,34.4656,0.9920,1.0462,0.1550,-3.3892
0.9984,34.0356,0.9984,1.0471,0.1560,-3.4015
1.0048,33.6133,1.0048,1.0480,0.1570,-3.4138
1.0112,33.1984,1.0112,1.0489,0.1580,-3.4259
1.0176,32.7911,1.0176,1.0498,0.1590,-3.4380
1.0240,32.3917,1.0240,1.0508,0.1600,-3.4500
1.0304,32.0003,1.0304,1.0518,0.1610,-3.4620
1.0368,31.6167,1.0368,1.0527,0.1620,-3.4738
1.0432,31.2398,1.0432,1.0537,0.1630,-3.4856
1.0496,30.8684,1.0496,1.0547,0.1640,-3.4974
1.0560,30.5016,1.0560,1.0557,0.1650,-3.5090
1.0624,30.1400,1.0624,1.0567,0.1660,-3.5206
1.0688,29.7858,1.0688,1.0577,0.1670,-3.5322
1.0752,29.4413,1.0752,1.0588,0.1680,-3.5436
1.0816,29.1072,1.0816,1.0599,0.1690,-3.5550
1.0880,28.7806,1.0880,1.0610,0.1700,-3.5664
1.0944,28.4557,1.0944,1.0621,0.1710,-3.5776
1.1008,28.1271,1.1008,1.0632,0.1720,-3.5888
1.1072,27.7943,1.1072,1.0641,0.1730,-3.5999
1.1136,27.4659,1.1136,1.0651,0.1740,-3.6110
1.1200,27.1558,1.1200,1.0663,0.1750,-3.6220
1.1264,26.8740,1.1264,1.0675,0.1760,-3.6329
1.1328,26.6166,1.1328,1.0690,0.1770,-3.6438
1.1392,26.3592,1.1392,1.0704,0.1780,-3.6546
1.1456,26.0684,1.1456,1.0716,0.1790,-3.6653
1.1520,25.7250,1.1520,1.0723,0.1800,-3.6760
1.1584,25.3465,1.1584,1.0728,0.1810,-3.6866
1.1648,24.9971,1.1648,1.0736,0.1820,-3.6972
1.1712,24.7628,1.1712,1.0751,0.1830,-3.7077
1.1776,24.7134,1.1776,1.0777,0.1840,-3.7181
1.1840,24.8638,1.1840,1.0807,0.1850,-3.7285
1.1904,25.1354,1.1904,1.0830,0.1860,-3.7388
1.1968,25.3176,1.1968,1.0830,0.1870,-3.7490
1.2032,24.7064,1.2032,0.9165,0.1880,-3.7592
1.2096,24.7009,1.2096,0.9129,0.1890,-3.7693
1.2160,24.6878,1.2160,0.9089,0.1900,-3.7794
1.2224,24.6671,1.2224,0.9045,0.1910,-3.7894
1.2288,24.6388,1.2288,0.8999,0.1920,-3.7994
1.2352,24.6030,1.2352,0.8949,0.1930,-3.8092
1.2416,24.5597,1.2416,0.8897,0.1940,-3.8191
1.2480,24.5090,1.2480,0.8841,0.1950,-3.8289
1.2544,24.4509,1.2544,0.8782,0.1960,-3.8386
1.2608,24.3855,1.2608,0.8720,0.1970,-3.8482
1.2672,24.3128,1.2672,0.8655,0.1980,-3.8578
1.2736,24.2331,1.2736,0.8587,0.1990,-3.8674
1.2800,24.1463,1.2800,0.8516,0.2000,-3.8769
1.2864,24.0525,1.2864,0.8442,0.2010,-3.8863
1.2928,23.9519,1.2928,0.8366,0.2020,-3.8957
1.2992,23.8446,1.2992,0.8287,0.2030,-3.9050
1.3056,23.7307,1.3056,0.8205,0.2040,-3.9143
1.3120,23.6103,1.3120,0.8121,0.2050,-3.9235
1.3184,23.4836,1.3184,0.8035,0.2060,-3.9327
1.3248,23.3507,1.3248,0.7946,0.2070,-3.9418
1.3312,23.2117,1.3312,0.7855,0.2080,-3.9509
1.3376,23.0668,1.3376,0.7762,0.2090,-3.9599
1.3440,22.9161,1.3440,0.7666,0.2100,-3.9688
1.3504,22.7599,1.3504,0.7569,0.2110,-3.9777
1.3568,22.5981,1.3568,0.7470,0.2120,-3.9866
1.3632,22.4311,1.3632,0.7369,0.2130,-3.9954
1.3696,22.2590,1.3696,0.7267,0.2140,-4.0041
1.3760,22.0819,1.3760,0.7163,0.2150,-4.0128
1.3824,21.9001,1.3824,0.7057,0.2160,-4.0215
1.3888,21.7136,1.3888,0.6950,0.2170,-4.0301
1.3952,21.5227,1.3952,0.6842,0.2180,-4.0386
1.4016,21.3276,1.4016,0.6733,0.2190,-4.0471
1.4080,21.1285,1.4080,0.6623,0.2200,-4.0556
1.4144,20.9254,1.4144,0.6512,0.2210,-4.0640
1.4208,20.7187,1.4208,0.6400,0.2220,-4.0723
1.4272,20.5085,1.4272,0.6287,0.2230,-4.0806
1.4336,20.2949,1.4336,0.6174,0.2240,-4.0889
1.4400,20.0782,1.4400,0.6060,0.2250,-4.0971
1.4464,19.8586,1.4464,0.5946,0.2260,-4.1052
1.4528,19.6363,1.4528,0.5832,0.2270,-4.1133
1.4592,19.4114,1.4592,0.5718,0.2280,-4.1214
1.4656,19.1841,1.4656,0.5604,0.2290,-4.1294
1.4720,18.9546,1.4720,0.5490,0.2300,-4.1374
1.4784,18.7232,1.4784,0.5376,0.2310,-4.1453
1.4848,18.4899,1.4848,0.5262,0.2320,-4.1532
1.4912,18.2550,1.4912,0.5149,0.2330,-4.1610
1.4976,18.0187,1.4976,0.5036,0.2340,-4.1688
1.5040,17.7811,1.5040,0.4924,0.2350,-4.1766
1.5104,17.5424,1.5104,0.4812,0.2360,-4.1843
1.5168,17.3028,1.5168,0.4701,0.2370,-4.1919
1.5232,17.0624,1.5232,0.4592,0.2380,-4.1995
1.5296,16.8215,1.5296,0.4483,0.2390,-4.2071
1.5360,16.5802,1.5360,0.4375,0.2400,-4.2146
1.5424,16.3386,1.5424,0.4268,0.2410,-4.2221
1.5488,16.0969,1.5488,0.4163,0.2420,-4.2295
1.5552,15.8553,1.5552,0.4059,0.2430,-4.2369
1.5616,15.6140,1.5616,0.3956,0.2440,-4.2443
1.5680,15.3730,1.5680,0.3855,0.2450,-4.2516
1.5744,15.1325,1.5744,0.3755,0.2460,-4.2588
1.5808,14.8926,1.5808,0.3657,0.2470,-4.2660
1.5872,14.6535,1.5872,0.3560,0.2480,-4.2732
1.5936,14.4153,1.5936,0.3465,0.2490,-4.2804
1.6000,14.1781,1.6000,0.3372,0.2500,-4.2875
1.6064,13.9420,1.6064,0.3280,0.2510,-4.2945
1.6128,13.7072,1.6128,0.3190,0.2520,-4.3015
1.6192,13.4737,1.6192,0.3102,0.2530,-4.3085
1.6256,13.2416,1.6256,0.3016,0.2540,-4.3154
1.6320,13.0111,1.6320,0.2931,0.2550,-4.3223
1.6384,12.7822,1.6384,0.2849,0.2560,-4.3292
1.6448,12.5550,1.6448,0.2768,0.2570,-4.3360
1.6512,12.3296,1.6512,0.2690,0.2580,-4.3428
1.6576,12.1060,1.6576,0.2613,0.2590,-4.3495
1.6640,11.8844,1.6640,0.2538,0.2600,-4.3562
1.6704,11.6648,1.6704,0.2465,0.2610,-4.3628
1.6768,11.4473,1.6768,0.2394,0.2620,-4.3694
1.6832,11.2319,1.6832,0.2325,0.2630,-4.3760
1.6896,11.0188,1.6896,0.2258,0.2640,-4.3826
1.6960,10.8078,1.6960,0.2193,0.2650,-4.3891
1.7024,10.5992,1.7024,0.2130,0.2660,-4.3955
1.7088,10.3929,1.7088,0.2069,0.2670,-4.4020
1.7152,10.1889,1.7152,0.2009,0.2680,-4.4083
1.7216,9.9874,1.7216,0.1951,0.2690,-4.4147
1.7280,9.7884,1.7280,0.1896,0.2700,-4.4210
1.7344,9.5918,1.7344,0.1842,0.2710,-4.4273
1.7408,9.3978,1.7408,0.1790,0.2720,-4.4335
1.7472,9.2063,1.7472,0.1739,0.2730,-4.4397
1.7536,9.0174,1.7536,0.1691,0.2740,-4.4459
1.7600,8.8310,1.7600,0.1644,0.2750,-4.4520
1.7664,8.6472,1.7664,0.1599,0.2760,-4.4581
1.7728,8.4661,1.7728,0.1555,0.2770,-4.4642
1.7792,8.2876,1.7792,0.1513,0.2780,-4.4702
1.7856,8.1117,1.7856,0.1473,0.2790,-4.4762
1.7920,7.9385,1.7920,0.1434,0.2800,-4.4821
1.7984,7.7679,1.7984,0.1397,0.2810,-4.4880
1.8048,7.6000,1.8048,0.1361,0.2820,-4.4939
1.8112,7.4347,1.8112,0.1327,0.2830,-4.4998
1.8176,7.2721,1.8176,0.1294,0.2840,-4.5056
1.8240,7.1120,1.8240,0.1262,0.2850,-4.5114
1.8304,6.9547,1.8304,0.1232,0.2860,-4.5171
1.8368,6.7999,1.8368,0.1203,0.2870,-4.5228
1.8432,6.6478,1.8432,0.1175,0.2880,-4.5285
1.8496,6.4983,1.8496,0.1148,0.2890,-4.5341
1.8560,6.3514,1.8560,0.1123,0.2900,-4.5397
1.8624,6.2070,1.8624,0.1098,0.2910,-4.5453
1.8688,6.0652,1.8688,0.1075,0.2920,-4.5508
1.8752,5.9259,1.8752,0.1053,0.2930,-4.5563
1.8816,5.7892,1.8816,0.1031,0.2940,-4.5618
1.8880,5.6550,1.8880,0.1011,0.2950,-4.5673
1.8944,5.5232,1.8944,0.0991,0.2960,-4.5727
1.9008,5.3939,1.9008,0.0973,0.2970,-4.5780
1.9072,5.2670,1.9072,0.0955,0.2980,-4.5834
1.9136,5.1426,1.9136,0.0938,0.2990,-4.5887
1.9200,5.0205,1.9200,0.0921,0.3000,-4.5940
1.9264,4.9008,1.9264,0.0905,0.3010,-4.5992
1.9328,4.7835,1.9328,0.0890,0.3020,-4.6044
1.9392,4.6684,1.9392,0.0876,0.3030,-4.6096
1.9456,4.5556,1.9456,0.0862,0.3040,-4.6148
1.9520,4.4451,1.9520,0.0849,0.3050,-4.6199
1.9584,4.3368,1.9584,0.0836,0.3060,-4.6250
1.9648,4.2307,1.9648,0.0823,0.3070,-4.6300
1.9712,4.1268,1.9712,0.0811,0.3080,-4.6350
1.9776,4.0250,1.9776,0.0800,0.3090,-4.6400
1.9840,3.9253,1.9840,0.0789,0.3100,-4.6450
1.9904,3.8278,1.9904,0.0778,0.3110,-4.6499
1.9968,3.7323,1.9968,0.0768,0.3120,-4.6548
2.0032,3.6388,2.0032,0.0758,0.3130,-4.6597
2.0096,3.5473,2.0096,0.0748,0.3140,-4.6645
2.0160,3.4578,2.0160,0.0738,0.3150,-4.6694
2.0224,3.3703,2.0224,0.0729,0.3160,-4.6741
2.0288,3.2846,2.0288,0.0720,0.3170,-4.6789
2.0352,3.2009,2.0352,0.0711,0.3180,-4.6836
2.0416,3.1190,2.0416,0.0702,0.3190,-4.6883
2.0480,3.0389,2.0480,0.0694,0.3200,-4.6930
2.0544,2.9607,2.0544,0.0686,0.3210,-4.6976
2.0608,2.8842,2.0608,0.0678,0.3220,-4.7022
2.0672,2.8095,2.0672,0.0670,0.3230,-4.7068
2.0736,2.7364,2.0736,0.0662,0.3240,-4.7113
2.0800,2.6651,2.0800,0.0654,0.3250,-4.7158
2.0864,2.5954,2.0864,0.0646,0.3260,-4.7203
2.0928,2.5274,2.0928,0.0639,0.3270,-4.7248
2.0992,2.4609,2.0992,0.0631,0.3280,-4.7292
2.1056,2.3961,2.1056,0.0624,0.3290,-4.7336
2.1120,2.3327,2.1120,0.0617,0.3300,-4.7380
2.1184,2.2709,2.1184,0.0609,0.3310,-4.7423
2.1248,2.2106,2.1248,0.0602,0.3320,-4.7466
2.1312,2.1517,2.1312,0.0595,0.3330,-4.7509
2.1376,2.0942,2.1376,0.0588,0.3340,-4.7552
2.1440,2.0381,2.1440,0.0581,0.3350,-4.7594
2.1504,1.9835,2.1504,0.0574,0.3360,-4.7636
2.1568,1.9301,2.1568,0.0567,0.3370,-4.7678
2.1632,1.8781,2.1632,0.0560,0.3380,-4.7719
2.1696,1.8273,2.1696,0.0553,0.3390,-4.7760
2.1760,1.7779,2.1760,0.0546,0.3400,-4.7801
2.1824,1.7296,2.1824,0.0539,0.3410,-4.7842
2.1888,1.6826,2.1888,0.0533,0.3420,-4.7882
2.1952,1.6367,2.1952,0.0526,0.3430,-4.7922
2.2016,1.5920,2.2016,0.0519,0.3440,-4.7962
2.2080,1.5484,2.2080,0.0512,0.3450,-4.8002
2.2144,1.5059,2.2144,0.0506,0.3460,-4.8041
2.2208,1.4645,2.2208,0.0499,0.3470,-4.8080
2.2272,1.4242,2.2272,0.0492,0.3480,-4.8119
2.2336,1.3849,2.2336,0.0486,0.3490,-4.8157
2.2400,1.3466,2.2400,0.0479,0.3500,-4.8195
2.2464,1.3092,2.2464,0.0472,0.3510,-4.8233
2.2528,1.2728,2.2528,0.0466,0.3520,-4.8271
2.2592,1.2374,2.2592,0.0460,0.3530,-4.8308
2.2656,1.2028,2.2656,0.0453,0.3540,-4.8346
2.2720,1.1691,2.2720,0.0447,0.3550,-4.8383
2.2784,1.1363,2.2784,0.0440,0.3560,-4.8419
2.2848,1.1044,2.2848,0.0434,0.3570,-4.8456
2.2912,1.0732,2.2912,0.0428,0.3580,-4.8492
2.2976,1.0429,2.2976,0.0422,0.3590,-4.8527
2.3040,1.0133,2.3040,0.0416,0.3600,-4.8563
2.3104,0.9845,2.3104,0.0409,0.3610,-4.8598
2.3168,0.9564,2.3168,0.0403,0.3620,-4.8634
2.3232,0.9290,2.3232,0.0398,0.3630,-4.8668
2.3296,0.9023,2.3296,0.0392,0.3640,-4.8703
2.3360,0.8764,2.3360,0.0386,0.3650,-4.8737
2.3424,0.8510,2.3424,0.0380,0.3660,-4.8771
2.3488,0.8264,2.3488,0.0374,0.3670,-4.8805
2.3552,0.8023,2.3552,0.0369,0.3680,-4.8839
2.3616,0.7789,2.3616,0.0363,0.3690,-4.8872
2.3680,0.7560,2.3680,0.0358,0.3700,-4.8905
2.3744,0.7338,2.3744,0.0353,0.3710,-4.8938
2.3808,0.7121,2.3808,0.0347,0.3720,-4.8970
2.3872,0.6910,2.3872,0.0342,0.3730,-4.9003
2.3936,0.6704,2.3936,0.0337,0.3740,-4.9035
2.4000,0.6503,2.4000,0.0332,0.3750,-4.9067
2.4064,0.6307,2.4064,0.0327,0.3760,-4.9098
2.4128,0.6117,2.4128,0.0322,0.3770,-4.9129
2.4192,0.5931,2.4192,0.0317,0.3780,-4.9160
2.4256,0.5750,2.4256,0.0312,0.3790,-4.9191
2.4320,0.5573,2.4320,0.0308,0.3800,-4.9222
2.4384,0.5401,2.4384,0.0303,0.3810,-4.9252
2.4448,0.5234,2.4448,0.0299,0.3820,-4.9282
2.4512,0.5070,2.4512,0.0294,0.3830,-4.9312
2.4576,0.4911,2.4576,0.0290,0.3840,-4.9342
2.4640,0.4756,2.4640,0.0286,0.3850,-4.9371
2.4704,0.4605,2.4704,0.0282,0.3860,-4.9400
2.4768,0.4458,2.4768,0.0277,0.3870,-4.9429
2.4832,0.4314,2.4832,0.0273,0.3880,-4.9458
2.4896,0.4174,2.4896,0.0269,0.3890,-4.9486
2.4960,0.4038,2.4960,0.0266,0.3900,-4.9514
2.5024,0.3906,2.5024,0.0262,0.3910,-4.9542
2.5088,0.3776,2.5088,0.0258,0.3920,-4.9570
2.5152,0.3650,2.5152,0.0254,0.3930,-4.9598
2.5216,0.3528,2.5216,0.0251,0.3940,-4.9625
2.5280,0.3408,2.5280,0.0247,0.3950,-4.9652
2.5344,0.3292,2.5344,0.0244,0.3960,-4.9679
2.5408,0.3179,2.5408,0.0241,0.3970,-4.9705
2.5472,0.3069,2.5472,0.0237,0.3980,-4.9731
2.5536,0.2961,2.5536,0.0234,0.3990,-4.9757
2.5600,0.2857,2.5600,0.0231,0.4000,-4.9783
2.5664,0.2755,2.5664,0.0228,0.4010,-4.9809
2.5728,0.2657,2.5728,0.0225,0.4020,-4.9834
2.5792,0.2560,2.5792,0.0222,0.4030,-4.9859
2.5856,0.2467,2.5856,0.0219,0.4040,-4.9884
2.5920,0.2376,2.5920,0.0216,0.4050,-4.9909
2.5984,0.2287,2.5984,0.0213,0.4060,-4.9933
2.6048,0.2201,2.6048,0.0211,0.4070,-4.9958
2.6112,0.2118,2.6112,0.0208,0.4080,-4.9982
2.6176,0.2037,2.6176,0.0205,0.4090,-5.0005
2.6240,0.1958,2.6240,0.0203,0.4100,-5.0029
2.6304,0.1881,2.6304,0.0200,0.4110,-5.0052
2.6368,0.1807,2.6368,0.0198,0.4120,-5.0075
2.6432,0.1734,2.6432,0.0195,0.4130,-5.0098
2.6496,0.1664,2.6496,0.0193,0.4140,-5.0121
2.6560,0.1596,2.6560,0.0191,0.4150,-5.0143
2.6624,0.1530,2.6624,0.0189,0.4160,-5.0166
2.6688,0.1466,2.6688,0.0186,0.4170,-5.0188
2.6752,0.1404,2.6752,0.0184,0.4180,-5.0209
2.6816,0.1344,2.6816,0.0182,0.4190,-5.0231
2.6880,0.1286,2.6880,0.0180,0.4200,-5.0252
2.6944,0.1229,2.6944,0.0178,0.4210,-5.0273
2.7008,0.1175,2.7008,0.0176,0.4220,-5.0294
2.7072,0.1122,2.7072,0.0174,0.4230,-5.0315
2.7136,0.1070,2.7136,0.0172,0.4240,-5.0335
2.7200,0.1021,2.7200,0.0170,0.4250,-5.0355
2.7264,0.0973,2.7264,0.0168,0.4260,-5.0375
2.7328,0.0927,2.7328,0.0166,0.4270,-5.0395
2.7392,0.0882,2.7392,0.0164,0.4280,-5.0415
2.7456,0.0838,2.7456,0.0163,0.4290,-5.0434
2.7520,0.0796,2.7520,0.0161,0.4300,-5.0453
2.7584,0.0756,2.7584,0.0159,0.4310,-5.0472
2.7648,0.0717,2.7648,0.0157,0.4320,-5.0491
2.7712,0.0679,2.7712,0.0156,0.4330,-5.0509
2.7776,0.0642,2.7776,0.0154,0.4340,-5.0528
2.7840,0.0607,2.7840,0.0152,0.4350,-5.0546
2.7904,0.0573,2.7904,0.0151,0.4360,-5.0564
2.7968,0.0540,2.7968,0.0149,0.4370,-5.0581
2.8032,0.0509,2.8032,0.0148,0.4380,-5.0599
2.8096,0.0478,2.8096,0.0146,0.4390,-5.0616
2.8160,0.0448,2.8160,0.0144,0.4400,-5.0633
2.8224,0.0420,2.8224,0.0143,0.4410,-5.0650
2.8288,0.0392,2.8288,0.0141,0.4420,-5.0666
2.8352,0.0366,2.8352,0.0140,0.4430,-5.0683
2.8416,0.0340,2.8416,0.0138,0.4440,-5.0699
2.8480,0.0315,2.8480,0.0137,0.4450,-5.0715
2.8544,0.0291,2.8544,0.0136,0.4460,-5.0730
2.8608,0.0268,2.8608,0.0134,0.4470,-5.0746
2.8672,0.0246,2.8672,0.0133,0.4480,-5.0761
2.8736,0.0224,2.8736,0.0131,0.4490,-5.0776
2.8800,0.0203,2.8800,0.0130,0.4500,-5.0791
2.8864,0.0183,2.8864,0.0129,0.4510,-5.0806
2.8928,0.0164,2.8928,0.0127,0.4520,-5.0821
2.8992,0.0145,2.8992,0.0126,0.4530,-5.0835
2.9056,0.0127,2.9056,0.0125,0.4540,-5.0849
2.9120,0.0109,2.9120,0.0123,0.4550,-5.0863
2.9184,0.0092,2.9184,0.0122,0.4560,-5.0877
2.9248,0.0075,2.9248,0.0121,0.4570,-5.0890
2.9312,0.0059,2.9312,0.0119,0.4580,-5.0903
2.9376,0.0043,2.9376,0.0118,0.4590,-5.0916
2.9440,0.0028,2.9440,0.0117,0.4600,-5.0929
2.9504,0.0013,2.9504,0.0116,0.4610,-5.0942
2.9568,-0.0002,2.9568,0.0114,0.4620,-5.0954
2.9632,-0.0016,2.9632,0.0113,0.4630,-5.0967
2.9696,-0.0030,2.9696,0.0112,0.4640,-5.0979
2.9760,-0.0043,2.9760,0.0111,0.4650,-5.0991
2.9824,-0.0057,2.9824,0.0109,0.4660,-5.1002
2.9888,-0.0070,2.9888,0.0108,0.4670,-5.1014
2.9952,-0.0082,2.9952,0.0107,0.4680,-5.1025
3.0016,-0.0095,3.0016,0.0106,0.4690,-5.1036
3.0080,-0.0107,3.0080,0.0104,0.4700,-5.1047
3.0144,-0.0119,3.0144,0.0103,0.4710,-5.1058
3.0208,-0.0131,3.0208,0.0102,0.4720,-5.1068
3.0272,-0.0143,3.0272,0.0101,0.4730,-5.1079
3.0336,-0.0155,3.0336,0.0100,0.4740,-5.1089
3.0400,-0.0166,3.0400,0.0098,0.4750,-5.1099
3.0464,-0.0177,3.0464,0.0097,0.4760,-5.1108
3.0528,-0.0189,3.0528,0.0096,0.4770,-5.1118
3.0592,-0.0200,3.0592,0.0095,0.4780,-5.1127
3.0656,-0.0211,3.0656,0.0094,0.4790,-5.1136
3.0720,-0.0222,3.0720,0.0093,0.4800,-5.1145
3.0784,-0.0233,3.0784,0.0092,0.4810,-5.1154
3.0848,-0.0244,3.0848,0.0090,0.4820,-5.1163
3.0912,-0.0254,3.0912,0.0089,0.4830,-5.1171
3.0976,-0.0265,3.0976,0.0088,0.4840,-5.1179
3.1040,-0.0276,3.1040,0.0087,0.4850,-5.1187
3.1104,-0.0286,3.1104,0.0086,0.4860,-5.1195
3.1168,-0.0297,3.1168,0.0085,0.4870,-5.1202
3.1232,-0.0308,3.1232,0.0084,0.4880,-5.1210
3.1296,-0.0318,3.1296,0.0083,0.4890,-5.1217
3.1360,-0.0329,3.1360,0.0081,0.4900,-5.1224
3.1424,-0.0339,3.1424,0.0080,0.4910,-5.1231
3.1488,-0.0349,3.1488,0.0079,0.4920,-5.1238
3.1552,-0.0360,3.1552,0.0078,0.4930,-5.1244
3.1616,-0.0370,3.1616,0.0077,0.4940,-5.1250
3.1680,-0.0380,3.1680,0.0076,0.4950,-5.1256
3.1744,-0.0391,3.1744,0.0075,0.4960,-5.1262
3.1808,-0.0401,3.1808,0.0074,0.4970,-5.1268
3.1872,-0.0411,3.1872,0.0073,0.4980,-5.1274
3.1936,-0.0421,3.1936,0.0072,0.4990,-5.1279
3.2000,-0.0431,3.2000,0.0071,0.5000,-5.1284
3.2064,-0.0441,3.2064,0.0070,0.5010,-5.1289
3.2128,-0.0451,3.2128,0.0069,0.5020,-5.1294
3.2192,-0.0461,3.2192,0.0068,0.5030,-5.1299
3.2256,-0.0470,3.2256,0.0067,0.5040,-5.1303
3.2320,-0.0480,3.2320,0.0066,0.5050,-5.1307
3.2384,-0.0489,3.2384,0.0065,0.5060,-5.1311
3.2448,-0.0499,3.2448,0.0064,0.5070,-5.1315
3.2512,-0.0508,3.2512,0.0063,0.5080,-5.1319
3.2576,-0.0517,3.2576,0.0062,0.5090,-5.1323
3.2640,-0.0526,3.2640,0.0061,0.5100,-5.1326
3.2704,-0.0535,3.2704,0.0060,0.5110,-5.1329
3.2768,-0.0544,3.2768,0.0059,0.5120,-5.1332
3.2832,-0.0553,3.2832,0.0058,0.5130,-5.1335
3.2896,-0.0561,3.2896,0.0057,0.5140,-5.1337
3.2960,-0.0569,3.2960,0.0057,0.5150,-5.1340
3.3024,-0.0577,3.3024,0.0056,0.5160,-5.1342
3.3088,-0.0585,3.3088,0.0055,0.5170,-5.1344
3.3152,-0.0593,3.3152,0.0054,0.5180,-5.1346
3.3216,-0.0601,3.3216,0.0053,0.5190,-5.1348
3.3280,-0.0608,3.3280,0.0052,0.5200,-5.1350
3.3344,-0.0615,3.3344,0.0051,0.5210,-5.1351
3.3408,-0.0622,3.3408,0.0051,0.5220,-5.1352
3.3472,-0.0628,3.3472,0.0050,0.5230,-5.1353
3.3536,-0.0635,3.3536,0.0049,0.5240,-5.1354
3.3600,-0.0641,3.3600,0.0048,0.5250,-5.1355
3.3664,-0.0647,3.3664,0.0048,0.5260,-5.1355
3.3728,-0.0652,3.3728,0.0047,0.5270,-5.1356
3.3792,-0.0658,3.3792,0.0046,0.5280,-5.1356
3.3856,-0.0663,3.3856,0.0045,0.5290,-5.1356
3.3920,-0.0668,3.3920,0.0045,0.5300,-5.1356
3.3984,-0.0672,3.3984,0.0044,0.5310,-5.1355
3.4048,-0.0676,3.4048,0.0043,0.5320,-5.1355
3.4112,-0.0680,3.4112,0.0043,0.5330,-5.1354
3.4176,-0.0684,3.4176,0.0042,0.5340,-5.1353
3.4240,-0.0687,3.4240,0.0041,0.5350,-5.1352
3.4304,-0.0690,3.4304,0.0041,0.5360,-5.1351
3.4368,-0.0693,3.4368,0.0040,0.5370,-5.1350
3.4432,-0.0696,3.4432,0.0040,0.5380,-5.1348
3.4496,-0.0698,3.4496,0.0039,0.5390,-5.1347
3.4560,-0.0700,3.4560,0.0038,0.5400,-5.1345
3.4624,-0.0701,3.4624,0.0038,0.5410,-5.1343
3.4688,-0.0702,3.4688,0.0037,0.5420,-5.1340
3.4752,-0.0703,3.4752,0.0037,0.5430,-5.1338
3.4816,-0.0704,3.4816,0.0036,0.5440,-5.1336
3.4880,-0.0704,3.4880,0.0036,0.5450,-5.1333
3.4944,-0.0704,3.4944,0.0035,0.5460,-5.1330
3.5008,-0.0704,3.5008,0.0035,0.5470,-5.1327
3.5072,-0.0704,3.5072,0.0034,0.5480,-5.1324
3.5136,-0.0703,3.5136,0.0034,0.5490,-5.1320
3.5200,-0.0702,3.5200,0.0033,0.5500,-5.1317
3.5264,-0.0700,3.5264,0.0033,0.5510,-5.1313
3.5328,-0.0699,3.5328,0.0033,0.5520,-5.1309
3.5392,-0.0697,3.5392,0.0032,0.5530,-5.1305
3.5456,-0.0695,3.5456,0.0032,0.5540,-5.1301
3.5520,-0.0692,3.5520,0.0031,0.5550,-5.1297
3.5584,-0.0690,3.5584,0.0031,0.5560,-5.1292
3.5648,-0.0687,3.5648,0.0031,0.5570,-5.1288
3.5712,-0.0684,3.5712,0.0030,0.5580,-5.1283
3.5776,-0.0680,3.5776,0.0030,0.5590,-5.1278
3.5840,-0.0677,3.5840,0.0030,0.5600,-5.1273
3.5904,-0.0673,3.5904,0.0029,0.5610,-5.1267
3.5968,-0.0669,3.5968,0.0029,0.5620,-5.1262
3.6032,-0.0665,3.6032,0.0029,0.5630,-5.1256
3.6096,-0.0660,3.6096,0.0029,0.5640,-5.1251
3.6160,-0.0656,3.6160,0.0028,0.5650,-5.1245
3.6224,-0.0651,3.6224,0.0028,0.5660,-5.1239
3.6288,-0.0646,3.6288,0.0028,0.5670,-5.1232
3.6352,-0.0641,3.6352,0.0028,0.5680,-5.1226
3.6416,-0.0636,3.6416,0.0027,0.5690,-5.1219
3.6480,-0.0631,3.6480,0.0027,0.5700,-5.1213
3.6544,-0.0625,3.6544,0.0027,0.5710,-5.1206
3.6608,-0.0620,3.6608,0.0027,0.5720,-5.1199
3.6672,-0.0614,3.6672,0.0026,0.5730,-5.1192
3.6736,-0.0608,3.6736,0.0026,0.5740,-5.1184
3.6800,-0.0602,3.6800,0.0026,0.5750,-5.1177
3.6864,-0.0596,3.6864,0.0026,0.5760,-5.1169
3.6928,-0.0590,3.6928,0.0026,0.5770,-5.1161
3.6992,-0.0584,3.6992,0.0026,0.5780,-5.1154
3.7056,-0.0578,3.7056,0.0025,0.5790,-5.1145
3.7120,-0.0572,3.7120,0.0025,0.5800,-5.1137
3.7184,-0.0566,3.7184,0.0025,0.5810,-5.1129
3.7248,-0.0559,3.7248,0.0025,0.5820,-5.1120
3.7312,-0.0553,3.7312,0.0025,0.5830,-5.1112
3.7376,-0.0547,3.7376,0.0025,0.5840,-5.1103
3.7440,-0.0540,3.7440,0.0024,0.5850,-5.1094
3.7504,-0.0534,3.7504,0.0024,0.5860,-5.1085
3.7568,-0.0528,3.7568,0.0024,0.5870,-5.1075
3.7632,-0.0521,3.7632,0.0024,0.5880,-5.1066
3.7696,-0.0515,3.7696,0.0024,0.5890,-5.1056
3.7760,-0.0509,3.7760,0.0024,0.5900,-5.1047
3.7824,-0.0502,3.7824,0.0024,0.5910,-5.1037
3.7888,-0.0496,3.7888,0.0024,0.5920,-5.1027
3.7952,-0.0490,3.7952,0.0024,0.5930,-5.1017
3.8016,-0.0484,3.8016,0.0023,0.5940,-5.1006
3.8080,-0.0478,3.8080,0.0023,0.5950,-5.0996
3.8144,-0.0472,3.8144,0.0023,0.5960,-5.0985
3.8208,-0.0466,3.8208,0.0023,0.5970,-5.0975
3.8272,-0.0460,3.8272,0.0023,0.5980,-5.0964
3.8336,-0.0454,3.8336,0.0023,0.5990,-5.0953
3.8400,-0.0448,3.8400,0.0023,0.6000,-5.0942
3.8464,-0.0443,3.8464,0.0023,0.6010,-5.0930
3.8528,-0.0437,3.8528,0.0023,0.6020,-5.0919
3.8592,-0.0431,3.8592,0.0023,0.6030,-5.0907
3.8656,-0.0426,3.8656,0.0023,0.6040,-5.0896
3.8720,-0.0421,3.8720,0.0022,0.6050,-5.0884
3.8784,-0.0415,3.8784,0.0022,0.6060,-5.0872
3.8848,-0.0410,3.8848,0.0022,0.6070,-5.0860
3.8912,-0.0405,3.8912,0.0022,0.6080,-5.0847
3.8976,-0.0400,3.8976,0.0022,0.6090,-5.0835
3.9040,-0.0395,3.9040,0.0022,0.6100,-5.0822
3.9104,-0.0390,3.9104,0.0022,0.6110,-5.0810
3.9168,-0.0385,3.9168,0.0022,0.6120,-5.0797
3.9232,-0.0381,3.9232,0.0022,0.6130,-5.0784
3.9296,-0.0376,3.9296,0.0022,0.6140,-5.0771
3.9360,-0.0371,3.9360,0.0022,0.6150,-5.0758
3.9424,-0.0367,3.9424,0.0022,0.6160,-5.0744
3.9488,-0.0363,3.9488,0.0022,0.6170,-5.0731
3.9552,-0.0358,3.9552,0.0022,0.6180,-5.0717
3.9616,-0.0354,3.9616,0.0021,0.6190,-5.0703
3.9680,-0.0350,3.9680,0.0021,0.6200,-5.0690
3.9744,-0.0346,3.9744,0.0021,0.6210,-5.0676
3.9808,-0.0342,3.9808,0.0021,0.6220,-5.0661
3.9872,-0.0338,3.9872,0.0021,0.6230,-5.0647
3.9936,-0.0334,3.9936,0.0021,0.6240,-5.0633
4.0000,-0.0330,4.0000,0.0021,0.6250,-5.0618
4.0064,-0.0326,4.0064,0.0021,0.6260,-5.0604
4.0128,-0.0323,4.0128,0.0021,0.6270,-5.0589
4.0192,-0.0319,4.0192,0.0021,0.6280,-5.0574
4.0256,-0.0316,4.0256,0.0021,0.6290,-5.0559
4.0320,-0.0312,4.0320,0.0021,0.6300,-5.0544
4.0384,-0.0309,4.0384,0.0021,0.6310,-5.0528
4.0448,-0.0305,4.0448,0.0021,0.6320,-5.0513
4.0512,-0.0302,4.0512,0.0021,0.6330,-5.0497
4.0576,-0.0299,4.0576,0.0021,0.6340,-5.0482
4.0640,-0.0295,4.0640,0.0020,0.6350,-5.0466
4.0704,-0.0292,4.0704,0.0020,0.6360,-5.0450
4.0768,-0.0289,4.0768,0.0020,0.6370,-5.0434
4.0832,-0.0286,4.0832,0.0020,0.6380,-5.0418
4.0896,-0.0283,4.0896,0.0020,0.6390,-5.0402
4.0960,-0.0280,4.0960,0.0020,0.6400,-5.0385
4.1024,-0.0277,4.1024,0.0020,0.6410,-5.0369
4.1088,-0.0274,4.1088,0.0020,0.6420,-5.0352
4.1152,-0.0271,4.1152,0.0020,0.6430,-5.0335
4.1216,-0.0268,4.1216,0.0020,0.6440,-5.0318
4.1280,-0.0265,4.1280,0.0020,0.6450,-5.0301
4.1344,-0.0262,4.1344,0.0020,0.6460,-5.0284
4.1408,-0.0259,4.1408,0.0020,0.6470,-5.0267
4.1472,-0.0256,4.1472,0.0020,0.6480,-5.0250
4.1536,-0.0253,4.1536,0.0020,0.6490,-5.0232
4.1600,-0.0250,4.1600,0.0020,0.6500,-5.0215
4.1664,-0.0247,4.1664,0.0020,0.6510,-5.0197
4.1728,-0.0244,4.1728,0.0020,0.6520,-5.0179
4.1792,-0.0241,4.1792,0.0020,0.6530,-5.0161
4.1856,-0.0239,4.1856,0.0020,0.6540,-5.0143
4.1920,-0.0236,4.1920,0.0020,0.6550,-5.0125
4.1984,-0.0233,4.1984,0.0020,0.6560,-5.0107
4.2048,-0.0230,4.2048,0.0020,0.6570,-5.0088
4.2112,-0.0227,4.2112,0.0019,0.6580,-5.0070
4.2176,-0.0224,4.2176,0.0019,0.6590,-5.0051
4.2240,-0.0221,4.2240,0.0019,0.6600,-5.0032
4.2304,-0.0219,4.2304,0.0019,0.6610,-5.0013
4.2368,-0.0216,4.2368,0.0019,0.6620,-4.9995
4.2432,-0.0213,4.2432,0.0019,0.6630,-4.9975
4.2496,-0.0210,4.2496,0.0019,0.6640,-4.9956
4.2560,-0.0207,4.2560,0.0019,0.6650,-4.9937
4.2624,-0.0204,4.2624,0.0019,0.6660,-4.9918
4.2688,-0.0201,4.2688,0.0019,0.6670,-4.9898
4.2752,-0.0199,4.2752,0.0019,0.6680,-4.9878
4.2816,-0.0196,4.2816,0.0019,0.6690,-4.9859
4.2880,-0.0193,4.2880,0.0019,0.6700,-4.9839
4.2944,-0.0190,4.2944,0.0019,0.6710,-4.9819
4.3008,-0.0187,4.3008,0.0019,0.6720,-4.9799
4.3072,-0.0184,4.3072,0.0019,0.6730,-4.9779
4.3136,-0.0182,4.3136,0.0019,0.6740,-4.9758
4.3200,-0.0179,4.3200,0.0019,0.6750,-4.9738
4.3264,-0.0176,4.3264,0.0019,0.6760,-4.9718
4.3328,-0.0173,4.3328,0.0019,0.6770,-4.9697
4.3392,-0.0171,4.3392,0.0019,0.6780,-4.9676
4.3456,-0.0168,4.3456,0.0019,0.6790,-4.9656
4.3520,-0.0165,4.3520,0.0019,0.6800,-4.9635
4.3584,-0.0162,4.3584,0.0019,0.6810,-4.9614
4.3648,-0.0160,4.3648,0.0019,0.6820,-4.9593
4.3712,-0.0157,4.3712,0.0019,0.6830,-4.9571
4.3776,-0.0154,4.3776,0.0018,0.6840,-4.9550
4.3840,-0.0152,4.3840,0.0018,0.6850,-4.9529
4.3904,-0.0149,4.3904,0.0018,0.6860,-4.9507
4.3968,-0.0147,4.3968,0.0018,0.6870,-4.9485
4.4032,-0.0144,4.4032,0.0018,0.6880,-4.9464
4.4096,-0.0142,4.4096,0.0018,0.6890,-4.9442
4.4160,-0.0139,4.4160,0.0018,0.6900,-4.9420
4.4224,-0.0137,4.4224,0.0018,0.6910,-4.9398
4.4288,-0.0134,4.4288,0.0018,0.6920,-4.9376
4.4352,-0.0132,4.4352,0.0018,0.6930,-4.9354
4.4416,-0.0130,4.4416,0.0018,0.6940,-4.9331
4.4480,-0.0127,4.4480,0.0018,0.6950,-4.9309
4.4544,-0.0125,4.4544,0.0018,0.6960,-4.9286
4.4608,-0.0123,4.4608,0.0018,0.6970,-4.9264
4.4672,-0.0121,4.4672,0.0018,0.6980,-4.9241
4.4736,-0.0118,4.4736,0.0018,0.6990,-4.9218
4.4800,-0.0116,4.4800,0.0017,0.7000,-4.9195
4.4864,-0.0114,4.4864,0.0017,0.7010,-4.9172
4.4928,-0.0112,4.4928,0.0017,0.7020,-4.9149
4.4992,-0.0110,4.4992,0.0017,0.7030,-4.9126
4.5056,-0.0109,4.5056,0.0017,0.7040,-4.9103
4.5120,-0.0107,4.5120,0.0017,0.7050,-4.9079
4.5184,-0.0105,4.5184,0.0017,0.7060,-4.9056
4.5248,-0.0103,4.5248,0.0017,0.7070,-4.9032
4.5312,-0.0101,4.5312,0.0017,0.7080,-4.9009
4.5376,-0.0100,4.5376,0.0017,0.7090,-4.8985
4.5440,-0.0098,4.5440,0.0016,0.7100,-4.8961
4.5504,-0.0097,4.5504,0.0016,0.7110,-4.8937
4.5568,-0.0095,4.5568,0.0016,0.7120,-4.8913
4.5632,-0.0094,4.5632,0.0016,0.7130,-4.8889
4.5696,-0.0092,4.5696,0.0016,0.7140,-4.8864
4.5760,-0.0091,4.5760,0.0016,0.7150,-4.8840
4.5824,-0.0090,4.5824,0.0016,0.7160,-4.8816
4.5888,-0.0088,4.5888,0.0016,0.7170,-4.8791
4.5952,-0.0087,4.5952,0.0016,0.7180,-4.8766
4.6016,-0.0086,4.6016,0.0015,0.7190,-4.8742
4.6080,-0.0085,4.6080,0.0015,0.7200,-4.8717
4.6144,-0.0084,4.6144,0.0015,0.7210,-4.8692
4.6208,-0.0083,4.6208,0.0015,0.7220,-4.8667
4.6272,-0.0082,4.6272,0.0015,0.7230,-4.8642
4.6336,-0.0081,4.6336,0.0015,0.7240,-4.8616
4.6400,-0.0080,4.6400,0.0015,0.7250,-4.8591
4.6464,-0.0079,4.6464,0.0014,0.7260,-4.8566
4.6528,-0.0078,4.6528,0.0014,0.7270,-4.8540
4.6592,-0.0078,4.6592,0.0014,0.7280,-4.8515
4.6656,-0.0077,4.6656,0.0014,0.7290,-4.8489
4.6720,-0.0076,4.6720,0.0014,0.7300,-4.8463
4.6784,-0.0076,4.6784,0.0014,0.7310,-4.8437
4.6848,-0.0075,4.6848,0.0014,0.7320,-4.8411
4.6912,-0.0074,4.6912,0.0013,0.7330,-4.8385
4.6976,-0.0074,4.6976,0.0013,0.7340,-4.8359
4.7040,-0.0073,4.7040,0.0013,0.7350,-4.8333
4.7104,-0.0073,4.7104,0.0013,0.7360,-4.8307
4.7168,-0.0072,4.7168,0.0013,0.7370,-4.8280
4.7232,-0.0072,4.7232,0.0013,0.7380,-4.8254
4.7296,-0.0071,4.7296,0.0012,0.7390,-4.8227
4.7360,-0.0071,4.7360,0.0012,0.7400,-4.8200
4.7424,-0.0070,4.7424,0.0012,0.7410,-4.8173
4.7488,-0.0070,4.7488,0.0012,0.7420,-4.8146
4.7552,-0.0069,4.7552,0.0012,0.7430,-4.8119
4.7616,-0.0069,4.7616,0.0012,0.7440,-4.8092
4.7680,-0.0069,4.7680,0.0011,0.7450,-4.8065
4.7744,-0.0068,4.7744,0.0011,0.7460,-4.8038
4.7808,-0.0068,4.7808,0.0011,0.7470,-4.8010
4.7872,-0.0067,4.7872,0.0011,0.7480,-4.7983
4.7936,-0.0067,4.7936,0.0011,0.7490,-4.7955
4.8000,-0.0067,4.8000,0.0011,0.7500,-4.7928
4.8064,-0.0066,4.8064,0.0011,0.7510,-4.7900
4.8128,-0.0066,4.8128,0.0010,0.7520,-4.7872
4.8192,-0.0065,4.8192,0.0010,0.7530,-4.7844
4.8256,-0.0065,4.8256,0.0010,0.7540,-4.7816
4.8320,-0.0065,4.8320,0.0010,0.7550,-4.7788
4.8384,-0.0064,4.8384,0.0010,0.7560,-4.7760
4.8448,-0.0064,4.8448,0.0010,0.7570,-4.7731
4.8512,-0.0063,4.8512,0.0009,0.7580,-4.7703
4.8576,-0.0063,4.8576,0.0009,0.7590,-4.7674
4.8640,-0.0062,4.8640,0.0009,0.7600,-4.7646
4.8704,-0.0062,4.8704,0.0009,0.7610,-4.7617
4.8768,-0.0061,4.8768,0.0009,0.7620,-4.7588
4.8832,-0.0061,4.8832,0.0009,0.7630,-4.7559
4.8896,-0.0060,4.8896,0.0009,0.7640,-4.7530
4.8960,-0.0059,4.8960,0.0009,0.7650,-4.7501
4.9024,-0.0059,4.9024,0.0008,0.7660,-4.7472
4.9088,-0.0058,4.9088,0.0008,0.7670,-4.7442
4.9152,-0.0057,4.9152,0.0008,0.7680,-4.7413
4.9216,-0.0057,4.9216,0.0008,0.7690,-4.7383
4.9280,-0.0056,4.9280,0.0008,0.7700,-4.7354
4.9344,-0.0055,4.9344,0.0008,0.7710,-4.7324
4.9408,-0.0054,4.9408,0.0008,0.7720,-4.7294
4.9472,-0.0053,4.9472,0.0008,0.7730,-4.7264
4.9536,-0.0053,4.9536,0.0007,0.7740,-4.7234
4.9600,-0.0052,4.9600,0.0007,0.7750,-4.7204
4.9664,-0.0051,4.9664,0.0007,0.7760,-4.7173
4.9728,-0.0050,4.9728,0.0007,0.7770,-4.7143
4.9792,-0.0049,4.9792,0.0007,0.7780,-4.7113
4.9856,-0.0048,4.9856,0.0007,0.7790,-4.7082
4.9920,-0.0047,4.9920,0.0007,0.7800,-4.7051
4.9984,-0.0046,4.9984,0.0007,0.7810,-4.7020
5.0048,-0.0045,5.0048,0.0007,0.7820,-4.6989
5.0112,-0.0044,5.0112,0.0007,0.7830,-4.6958
5.0176,-0.0043,5.0176,0.0006,0.7840,-4.6927
5.0240,-0.0042,5.0240,0.0006,0.7850,-4.6896
5.0304,-0.0040,5.0304,0.0006,0.7860,-4.6865
5.0368,-0.0039,5.0368,0.0006,0.7870,-4.6833
5.0432,-0.0038,5.0432,0.0006,0.7880,-4.6802
5.0496,-0.0037,5.0496,0.0006,0.7890,-4.6770
5.0560,-0.0036,5.0560,0.0006,0.7900,-4.6738
5.0624,-0.0034,5.0624,0.0006,0.7910,-4.6706
5.0688,-0.0033,5.0688,0.0006,0.7920,-4.6674
5.0752,-0.0032,5.0752,0.0006,0.7930,-4.6642
5.0816,-0.0031,5.0816,0.0006,0.7940,-4.6610
5.0880,-0.0029,5.0880,0.0006,0.7950,-4.6577
5.0944,-0.0028,5.0944,0.0005,0.7960,-4.6545
5.1008,-0.0027,5.1008,0.0005,0.7970,-4.6512
5.1072,-0.0025,5.1072,0.0005,0.7980,-4.6480
5.1136,-0.0024,5.1136,0.0005,0.7990,-4.6447
5.1200,-0.0023,5.1200,0.0005,0.8000,-4.6414
5.1264,-0.0021,5.1264,0.0005,0.8010,-4.6381
5.1328,-0.0020,5.1328,0.0005,0.8020,-4.6347
5.1392,-0.0018,5.1392,0.0005,0.8030,-4.6314
5.1456,-0.0017,5.1456,0.0005,0.8040,-4.6280
5.1520,-0.0016,5.1520,0.0005,0.8050,-4.6247
5.1584,-0.0014,5.1584,0.0005,0.8060,-4.6213
5.1648,-0.0013,5.1648,0.0005,0.8070,-4.6179
5.1712,-0.0012,5.1712,0.0005,0.8080,-4.6145
5.1776,-0.0010,5.1776,0.0005,0.8090,-4.6111
5.1840,-0.0009,5.1840,0.0005,0.8100,-4.6077
5.1904,-0.0008,5.1904,0.0005,0.8110,-4.6043
5.1968,-0.0006,5.1968,0.0005,0.8120,-4.6008
5.2032,-0.0005,5.2032,0.0005,0.8130,-4.5973
5.2096,-0.0004,5.2096,0.0005,0.8140,-4.5939
5.2160,-0.0002,5.2160,0.0004,0.8150,-4.5904
5.2224,-0.0001,5.2224,0.0004,0.8160,-4.5869
5.2288,0.0000,5.2288,0.0004,0.8170,-4.5834
5.2352,0.0001,5.2352,0.0004,0.8180,-4.5798
5.2416,0.0003,5.2416,0.0004,0.8190,-4.5763
5.2480,0.0004,5.2480,0.0004,0.8200,-4.5727
5.2544,0.0005,5.2544,0.0004,0.8210,-4.5691
5.2608,0.0006,5.2608,0.0004,0.8220,-4.5656
5.2672,0.0007,5.2672,0.0004,0.8230,-4.5619
5.2736,0.0008,5.2736,0.0004,0.8240,-4.5583
5.2800,0.0009,5.2800,0.0004,0.8250,-4.5547
5.2864,0.0010,5.2864,0.0004,0.8260,-4.5511
5.2928,0.0011,5.2928,0.0004,0.8270,-4.5474
5.2992,0.0012,5.2992,0.0004,0.8280,-4.5437
5.3056,0.0013,5.3056,0.0004,0.8290,-4.5400
5.3120,0.0014,5.3120,0.0004,0.8300,-4.5363
5.3184,0.0015,5.3184,0.0004,0.8310,-4.5326
5.3248,0.0016,5.3248,0.0004,0.8320,-4.5289
5.3312,0.0017,5.3312,0.0004,0.8330,-4.5251
5.3376,0.0018,5.3376,0.0004,0.8340,-4.5213
5.3440,0.0018,5.3440,0.0004,0.8350,-4.5175
5.3504,0.0019,5.3504,0.0004,0.8360,-4.5137
5.3568,0.0020,5.3568,0.0004,0.8370,-4.5099
5.3632,0.0021,5.3632,0.0003,0.8380,-4.5061
5.3696,0.0021,5.3696,0.0003,0.8390,-4.5022
5.3760,0.0022,5.3760,0.0003,0.8400,-4.4984
5.3824,0.0022,5.3824,0.0003,0.8410,-4.4945
5.3888,0.0023,5.3888,0.0003,0.8420,-4.4906
5.3952,0.0023,5.3952,0.0003,0.8430,-4.4867
5.4016,0.0024,5.4016,0.0003,0.8440,-4.4827
5.4080,0.0024,5.4080,0.0003,0.8450,-4.4788
5.4144,0.0025,5.4144,0.0003,0.8460,-4.4748
5.4208,0.0025,5.4208,0.0003,0.8470,-4.4708
5.4272,0.0025,5.4272,0.0003,0.8480,-4.4668
5.4336,0.0026,5.4336,0.0003,0.8490,-4.4628
5.4400,0.0026,5.4400,0.0003,0.8500,-4.4588
5.4464,0.0026,5.4464,0.0003,0.8510,-4.4547
5.4528,0.0026,5.4528,0.0003,0.8520,-4.4507
5.4592,0.0026,5.4592,0.0003,0.8530,-4.4466
5.4656,0.0026,5.4656,0.0003,0.8540,-4.4425
5.4720,0.0026,5.4720,0.0003,0.8550,-4.4383
5.4784,0.0027,5.4784,0.0003,0.8560,-4.4342
5.4848,0.0027,5.4848,0.0003,0.8570,-4.4300
5.4912,0.0026,5.4912,0.0003,0.8580,-4.4258
5.4976,0.0026,5.4976,0.0002,0.8590,-4.4216
5.5040,0.0026,5.5040,0.0002,0.8600,-4.4174
5.5104,0.0026,5.5104,0.0002,0.8610,-4.4132
5.5168,0.0026,5.5168,0.0002,0.8620,-4.4089
5.5232,0.0026,5.5232,0.0002,0.8630,-4.4046
5.5296,0.0026,5.5296,0.0002,0.8640,-4.4003
5.5360,0.0025,5.5360,0.0002,0.8650,-4.3960
5.5424,0.0025,5.5424,0.0002,0.8660,-4.3916
5.5488,0.0025,5.5488,0.0002,0.8670,-4.3873
5.5552,0.0024,5.5552,0.0002,0.8680,-4.3829
5.5616,0.0024,5.5616,0.0002,0.8690,-4.3785
5.5680,0.0024,5.5680,0.0002,0.8700,-4.3741
5.5744,0.0023,5.5744,0.0002,0.8710,-4.3696
5.5808,0.0023,5.5808,0.0002,0.8720,-4.3652
5.5872,0.0022,5.5872,0.0002,0.8730,-4.3607
5.5936,0.0022,5.5936,0.0002,0.8740,-4.3562
5.6000,0.0021,5.6000,0.0002,0.8750,-4.3516
5.6064,0.0021,5.6064,0.0002,0.8760,-4.3471
5.6128,0.0020,5.6128,0.0002,0.8770,-4.3425
5.6192,0.0020,5.6192,0.0002,0.8780,-4.3379
5.6256,0.0019,5.6256,0.0002,0.8790,-4.3333
5.6320,0.0019,5.6320,0.0002,0.8800,-4.3287
5.6384,0.0018,5.6384,0.0001,0.8810,-4.3240
5.6448,0.0017,5.6448,0.0001,0.8820,-4.3193
5.6512,0.0017,5.6512,0.0001,0.8830,-4.3146
5.6576,0.0016,5.6576,0.0001,0.8840,-4.3099
5.6640,0.0016,5.6640,0.0001,0.8850,-4.3051
5.6704,0.0015,5.6704,0.0001,0.8860,-4.3004
5.6768,0.0014,5.6768,0.0001,0.8870,-4.2956
5.6832,0.0013,5.6832,0.0001,0.8880,-4.2908
5.6896,0.0013,5.6896,0.0001,0.8890,-4.2859
5.6960,0.0012,5.6960,0.0001,0.8900,-4.2810
5.7024,0.0011,5.7024,0.0001,0.8910,-4.2762
5.7088,0.0011,5.7088,0.0001,0.8920,-4.2712
5.7152,0.0010,5.7152,0.0001,0.8930,-4.2663
5.7216,0.0009,5.7216,0.0001,0.8940,-4.2613
5.7280,0.0008,5.7280,0.0001,0.8950,-4.2564
5.7344,0.0008,5.7344,0.0001,0.8960,-4.2513
5.7408,0.0007,5.7408,0.0001,0.8970,-4.2463
5.7472,0.0006,5.7472,0.0001,0.8980,-4.2412
5.7536,0.0005,5.7536,0.0001,0.8990,-4.2362
5.7600,0.0005,5.7600,0.0001,0.9000,-4.2311
5.7664,0.0004,5.7664,0.0001,0.9010,-4.2259
5.7728,0.0003,5.7728,0.0001,0.9020,-4.2208
5.7792,0.0003,5.7792,0.0001,0.9030,-4.2156
5.7856,0.0002,5.7856,0.0001,0.9040,-4.2104
5.7920,0.0001,5.7920,0.0001,0.9050,-4.2051
5.7984,0.0001,5.7984,0.0001,0.9060,-4.1999
5.8048,0.0000,5.8048,0.0001,0.9070,-4.1946
5.8112,-0.0001,5.8112,0.0001,0.9080,-4.1893
5.8176,-0.0001,5.8176,0.0001,0.9090,-4.1839
5.8240,-0.0002,5.8240,0.0001,0.9100,-4.1786
5.8304,-0.0003,5.8304,0.0001,0.9110,-4.1732
5.8368,-0.0003,5.8368,0.0001,0.9120,-4.1677
5.8432,-0.0004,5.8432,0.0001,0.9130,-4.1623
5.8496,-0.0004,5.8496,0.0001,0.9140,-4.1568
5.8560,-0.0005,5.8560,0.0001,0.9150,-4.1513
5.8624,-0.0006,5.8624,0.0000,0.9160,-4.1458
5.8688,-0.0006,5.8688,0.0000,0.9170,-4.1402
5.8752,-0.0007,5.8752,0.0000,0.9180,-4.1347
5.8816,-0.0007,5.8816,0.0000,0.9190,-4.1291
5.8880,-0.0008,5.8880,0.0000,0.9200,-4.1234
5.8944,-0.0008,5.8944,0.0000,0.9210,-4.1178
5.9008,-0.0008,5.9008,0.0000,0.9220,-4.1121
5.9072,-0.0009,5.9072,0.0000,0.9230,-4.1063
5.9136,-0.0009,5.9136,0.0000,0.9240,-4.1006
5.9200,-0.0010,5.9200,0.0000,0.9250,-4.0948
5.9264,-0.0010,5.9264,0.0000,0.9260,-4.0890
5.9328,-0.0010,5.9328,0.0000,0.9270,-4.0832
5.9392,-0.0010,5.9392,0.0000,0.9280,-4.0773
5.9456,-0.0011,5.9456,0.0000,0.9290,-4.0714
5.9520,-0.0011,5.9520,0.0000,0.9300,-4.0655
5.9584,-0.0011,5.9584,0.0000,0.9310,-4.0596
5.9648,-0.0011,5.9648,0.0000,0.9320,-4.0536
5.9712,-0.0011,5.9712,0.0000,0.9330,-4.0476
5.9776,-0.0012,5.9776,0.0000,0.9340,-4.0415
5.9840,-0.0012,5.9840,0.0000,0.9350,-4.0355
5.9904,-0.0012,5.9904,0.0000,0.9360,-4.0294
5.9968,-0.0012,5.9968,0.0000,0.9370,-4.0233
6.0032,-0.0012,6.0032,0.0000,0.9380,-4.0171
6.0096,-0.0012,6.0096,0.0000,0.9390,-4.0109
6.0160,-0.0012,6.0160,0.0000,0.9400,-4.0047
6.0224,-0.0012,6.0224,0.0000,0.9410,-3.9985
6.0288,-0.0012,6.0288,0.0000,0.9420,-3.9922
6.0352,-0.0012,6.0352,0.0000,0.9430,-3.9859
6.0416,-0.0012,6.0416,0.0000,0.9440,-3.9795
6.0480,-0.0011,6.0480,0.0000,0.9450,-3.9732
6.0544,-0.0011,6.0544,0.0000,0.9460,-3.9668
6.0608,-0.0011,6.0608,0.0000,0.9470,-3.9603
6.0672,-0.0011,6.0672,0.0000,0.9480,-3.9539
6.0736,-0.0011,6.0736,0.0000,0.9490,-3.9474
6.0800,-0.0011,6.0800,0.0000,0.9500,-3.9409
6.0864,-0.0010,6.0864,0.0000,0.9510,-3.9343
6.0928,-0.0010,6.0928,0.0000,0.9520,-3.9277
6.0992,-0.0010,6.0992,0.0000,0.9530,-3.9211
6.1056,-0.0010,6.1056,0.0000,0.9540,-3.9145
6.1120,-0.0009,6.1120,0.0000,0.9550,-3.9078
6.1184,-0.0009,6.1184,0.0000,0.9560,-3.9011
6.1248,-0.0009,6.1248,0.0000,0.9570,-3.8944
6.1312,-0.0008,6.1312,0.0000,0.9580,-3.8876
6.1376,-0.0008,6.1376,0.0000,0.9590,-3.8808
6.1440,-0.0008,6.1440,0.0000,0.9600,-3.8739
6.1504,-0.0007,6.1504,0.0000,0.9610,-3.8671
6.1568,-0.0007,6.1568,0.0000,0.9620,-3.8602
6.1632,-0.0007,6.1632,0.0000,0.9630,-3.8532
6.1696,-0.0006,6.1696,0.0000,0.9640,-3.8463
6.1760,-0.0006,6.1760,0.0000,0.9650,-3.8393
6.1824,-0.0006,6.1824,0.0000,0.9660,-3.8323
6.1888,-0.0005,6.1888,0.0000,0.9670,-3.8252
6.1952,-0.0005,6.1952,0.0000,0.9680,-3.8181
6.2016,-0.0005,6.2016,0.0000,0.9690,-3.8110
6.2080,-0.0004,6.2080,0.0000,0.9700,-3.8038
6.2144,-0.0004,6.2144,0.0000,0.9710,-3.7966
6.2208,-0.0004,6.2208,0.0000,0.9720,-3.7894
6.2272,-0.0003,6.2272,0.0000,0.9730,-3.7821
6.2336,-0.0003,6.2336,0.0000,0.9740,-3.7749
6.2400,-0.0003,6.2400,0.0000,0.9750,-3.7675
6.2464,-0.0003,6.2464,0.0000,0.9760,-3.7602
6.2528,-0.0002,6.2528,0.0000,0.9770,-3.7528
6.2592,-0.0002,6.2592,0.0000,0.9780,-3.7454
6.2656,-0.0002,6.2656,0.0000,0.9790,-3.7379
6.2720,-0.0002,6.2720,0.0000,0.9800,-3.7304
6.2784,-0.0001,6.2784,0.0000,0.9810,-3.7229
6.2848,-0.0001,6.2848,0.0000,0.9820,-3.7153
6.2912,-0.0001,6.2912,0.0000,0.9830,-3.7078
6.2976,-0.0001,6.2976,0.0000,0.9840,-3.7001
6.3040,-0.0001,6.3040,0.0000,0.9850,-3.6925
6.3104,-0.0001,6.3104,0.0000,0.9860,-3.6848
6.3168,-0.0001,6.3168,0.0000,0.9870,-3.6771
6.3232,0.0000,6.3232,0.0000,0.9880,-3.6693
6.3296,0.0000,6.3296,0.0000,0.9890,-3.6615
6.3360,0.0000,6.3360,0.0000,0.9900,-3.6537
6.3424,0.0000,6.3424,0.0000,0.9910,-3.6458
6.3488,0.0000,6.3488,0.0000,0.9920,-3.6380
6.3552,0.0000,6.3552,0.0000,0.9930,-3.6300
6.3616,0.0000,6.3616,0.0000,0.9940,-3.6221
6.3680,0.0000,6.3680,0.0000,0.9950,-3.6141
6.3744,0.0000,6.3744,0.0000,0.9960,-3.6061
6.3808,0.0000,6.3808,0.0000,0.9970,-3.5980
6.3872,0.0000,6.3872,0.0000,0.9980,-3.5899
6.3936,0.0000,6.3936,0.0000,0.9990,-3.5818
6.4000,0.0000,6.4000,0.0000,1.0000,-3.5736
