0.00000,11529.10882,0.0000,1.00000,0.00000,0.30723
0.00650,8792.91622,0.0065,1.00000,0.00100,0.28225
0.01300,6536.49405,0.0130,1.00000,0.00200,0.25743
0.01950,4751.49708,0.0195,1.00000,0.00300,0.23278
0.02600,3416.22768,0.0260,1.00000,0.00400,0.20830
0.03250,2488.96420,0.0325,1.00000,0.00500,0.18398
0.03900,1902.56652,0.0390,1.00001,0.00600,0.15984
0.04550,1568.67145,0.0455,1.00001,0.00700,0.13586
0.05200,1391.92501,0.0520,1.00001,0.00800,0.11204
0.05850,1285.70994,0.0585,1.00002,0.00900,0.08839
0.06500,1187.69750,0.0650,1.00002,0.01000,0.06491
0.07150,1069.82934,0.0715,1.00003,0.01100,0.04160
0.07800,932.73351,0.0780,1.00004,0.01200,0.01845
0.08450,793.39506,0.0845,1.00005,0.01300,-0.00453
0.09100,672.52747,0.0910,1.00006,0.01400,-0.02735
0.09750,582.80665,0.0975,1.00008,0.01500,-0.05000
0.10400,524.36853,0.1040,1.00010,0.01600,-0.07249
0.11050,488.63478,0.1105,1.00012,0.01700,-0.09480
0.11700,463.52268,0.1170,1.00014,0.01800,-0.11696
0.12350,438.62713,0.1235,1.00016,0.01900,-0.13895
0.13000,409.06736,0.1300,1.00019,0.02000,-0.16077
0.13650,375.22175,0.1365,1.00022,0.02100,-0.18243
0.14300,340.50396,0.1430,1.00025,0.02200,-0.20393
0.14950,309.03828,0.1495,1.00029,0.02300,-0.22526
0.15600,283.46945,0.1560,1.00033,0.02400,-0.24643
0.16250,264.04583,0.1625,1.00037,0.02500,-0.26743
0.16900,249.30207,0.1690,1.00041,0.02600,-0.28827
0.17550,237.03789,0.1755,1.00046,0.02700,-0.30895
0.18200,225.29411,0.1820,1.00052,0.02800,-0.32947
0.18850,213.10495,0.1885,1.00057,0.02900,-0.34982
0.19500,200.49004,0.1950,1.00064,0.03000,-0.37002
0.20150,188.04863,0.2015,1.00070,0.03100,-0.39005
0.20800,176.53031,0.2080,1.00077,0.03200,-0.40992
0.21450,166.42644,0.2145,1.00085,0.03300,-0.42963
0.22100,157.78344,0.2210,1.00092,0.03400,-0.44917
0.22750,150.32149,0.2275,1.00101,0.03500,-0.46856
0.23400,143.61599,0.2340,1.00110,0.03600,-0.48779
0.24050,137.27906,0.2405,1.00119,0.03700,-0.50686
0.24700,131.10394,0.2470,1.00129,0.03800,-0.52578
0.25350,125.07059,0.2535,1.00140,0.03900,-0.54453
0.26000,119.27142,0.2600,1.00151,0.04000,-0.56313
0.26650,113.83170,0.2665,1.00162,0.04100,-0.58157
0.27300,108.83312,0.2730,1.00174,0.04200,-0.59985
0.27950,104.27587,0.2795,1.00187,0.04300,-0.61798
0.28600,100.09897,0.2860,1.00200,0.04400,-0.63595
0.29250,96.21372,0.2925,1.00214,0.04500,-0.65376
0.29900,92.53739,0.2990,1.00229,0.04600,-0.67142
0.30550,89.02071,0.3055,1.00244,0.04700,-0.68893
0.31200,85.65021,0.3120,1.00260,0.04800,-0.70628
0.31850,82.43464,0.3185,1.00277,0.04900,-0.72348
0.32500,79.39012,0.3250,1.00294,0.05000,-0.74053
0.33150,76.52588,0.3315,1.00312,0.05100,-0.75742
0.33800,73.83654,0.3380,1.00331,0.05200,-0.77417
0.34450,71.30554,0.3445,1.00350,0.05300,-0.79076
0.35100,68.91127,0.3510,1.00371,0.05400,-0.80720
0.35750,66.63330,0.3575,1.00391,0.05500,-0.82350
0.36400,64.45761,0.3640,1.00413,0.05600,-0.83964
0.37050,62.37719,0.3705,1.00436,0.05700,-0.85563
0.37700,60.38959,0.3770,1.00459,0.05800,-0.87148
0.38350,58.49415,0.3835,1.00483,0.05900,-0.88718
0.39000,56.68929,0.3900,1.00508,0.06000,-0.90273
0.39650,54.97095,0.3965,1.00534,0.06100,-0.91814
0.40300,53.33319,0.4030,1.00561,0.06200,-0.93340
0.40950,51.76926,0.4095,1.00588,0.06300,-0.94852
0.41600,50.27273,0.4160,1.00617,0.06400,-0.96349
0.42250,48.83852,0.4225,1.00646,0.06500,-0.97832
0.42900,47.46301,0.4290,1.00676,0.06600,-0.99301
0.43550,46.14360,0.4355,1.00708,0.06700,-1.00755
0.44200,44.87817,0.4420,1.00740,0.06800,-1.02196
0.44850,43.66459,0.4485,1.00773,0.06900,-1.03622
0.45500,42.50038,0.4550,1.00807,0.07000,-1.05034
0.46150,41.38280,0.4615,1.00842,0.07100,-1.06432
0.46800,40.30906,0.4680,1.00878,0.07200,-1.07817
0.47450,39.27651,0.4745,1.00915,0.07300,-1.09188
0.48100,38.28283,0.4810,1.00953,0.07400,-1.10544
0.48750,37.32605,0.4875,1.00993,0.07500,-1.11888
0.49400,36.40446,0.4940,1.01033,0.07600,-1.13218
0.50050,35.51653,0.5005,1.01074,0.07700,-1.14534
0.50700,34.66078,0.5070,1.01117,0.07800,-1.15837
0.51350,33.83574,0.5135,1.01160,0.07900,-1.17126
0.52000,33.03994,0.5200,1.01205,0.08000,-1.18402
0.52650,32.27196,0.5265,1.01250,0.08100,-1.19665
0.53300,31.53044,0.5330,1.01297,0.08200,-1.20915
0.53950,30.81412,0.5395,1.01345,0.08300,-1.22152
0.54600,30.12188,0.5460,1.01395,0.08400,-1.23376
0.55250,29.45266,0.5525,1.01445,0.08500,-1.24587
0.55900,28.80548,0.5590,1.01497,0.08600,-1.25785
0.56550,28.17943,0.5655,1.01549,0.08700,-1.26971
0.57200,27.57358,0.5720,1.01603,0.08800,-1.28143
0.57850,26.98710,0.5785,1.01659,0.08900,-1.29304
0.58500,26.41914,0.5850,1.01715,0.09000,-1.30452
0.59150,25.86892,0.5915,1.01773,0.09100,-1.31587
0.59800,25.33570,0.5980,1.01832,0.09200,-1.32710
0.60450,24.81879,0.6045,1.01893,0.09300,-1.33821
0.61100,24.31753,0.6110,1.01954,0.09400,-1.34919
0.61750,23.83130,0.6175,1.02017,0.09500,-1.36006
0.62400,23.35952,0.6240,1.02082,0.09600,-1.37081
0.63050,22.90161,0.6305,1.02147,0.09700,-1.38143
0.63700,22.45704,0.6370,1.02215,0.09800,-1.39194
0.64350,22.02529,0.6435,1.02283,0.09900,-1.40233
0.65000,21.60587,0.6500,1.02353,0.10000,-1.41261
0.65650,21.19832,0.6565,1.02424,0.10100,-1.42277
0.66300,20.80219,0.6630,1.02497,0.10200,-1.43281
0.66950,20.41706,0.6695,1.02571,0.10300,-1.44274
0.67600,20.04253,0.6760,1.02647,0.10400,-1.45256
0.68250,19.67821,0.6825,1.02724,0.10500,-1.46226
0.68900,19.32373,0.6890,1.02802,0.10600,-1.47185
0.69550,18.97875,0.6955,1.02882,0.10700,-1.48134
0.70200,18.64292,0.7020,1.02964,0.10800,-1.49071
0.70850,18.31593,0.7085,1.03047,0.10900,-1.49997
0.71500,17.99747,0.7150,1.03132,0.11000,-1.50913
0.72150,17.68724,0.7215,1.03218,0.11100,-1.51818
0.72800,17.38497,0.7280,1.03306,0.11200,-1.52712
0.73450,17.09037,0.7345,1.03395,0.11300,-1.53596
0.74100,16.80320,0.7410,1.03486,0.11400,-1.54469
0.74750,16.52321,0.7475,1.03579,0.11500,-1.55332
0.75400,16.25016,0.7540,1.03673,0.11600,-1.56185
0.76050,15.98383,0.7605,1.03769,0.11700,-1.57027
0.76700,15.72398,0.7670,1.03866,0.11800,-1.57859
0.77350,15.47043,0.7735,1.03965,0.11900,-1.58682
0.78000,15.22295,0.7800,1.04066,0.12000,-1.59494
0.78650,14.98137,0.7865,1.04168,0.12100,-1.60297
0.79300,14.74549,0.7930,1.04273,0.12200,-1.61090
0.79950,14.51514,0.7995,1.04379,0.12300,-1.61873
0.80600,14.29015,0.8060,1.04486,0.12400,-1.62646
0.81250,14.07035,0.8125,1.04596,0.12500,-1.63411
0.81900,13.85557,0.8190,1.04707,0.12600,-1.64165
0.82550,13.64568,0.8255,1.04820,0.12700,-1.64911
0.83200,13.44053,0.8320,1.04935,0.12800,-1.65647
0.83850,13.23996,0.8385,1.05051,0.12900,-1.66374
0.84500,13.04385,0.8450,1.05169,0.13000,-1.67092
0.85150,12.85207,0.8515,1.05290,0.13100,-1.67802
0.85800,12.66449,0.8580,1.05412,0.13200,-1.68502
0.86450,12.48098,0.8645,1.05536,0.13300,-1.69194
0.87100,12.30143,0.8710,1.05662,0.13400,-1.69876
0.87750,12.12573,0.8775,1.05789,0.13500,-1.70551
0.88400,11.95376,0.8840,1.05919,0.13600,-1.71217
0.89050,11.78543,0.8905,1.06050,0.13700,-1.71874
0.89700,11.62063,0.8970,1.06184,0.13800,-1.72523
0.90350,11.45927,0.9035,1.06319,0.13900,-1.73164
0.91000,11.30124,0.9100,1.06457,0.14000,-1.73797
0.91650,11.14645,0.9165,1.06596,0.14100,-1.74422
0.92300,10.99483,0.9230,1.06737,0.14200,-1.75038
0.92950,10.84627,0.9295,1.06881,0.14300,-1.75647
0.93600,10.70071,0.9360,1.07026,0.14400,-1.76248
0.94250,10.55806,0.9425,1.07173,0.14500,-1.76842
0.94900,10.41825,0.9490,1.07323,0.14600,-1.77427
0.95550,10.28119,0.9555,1.07474,0.14700,-1.78006
0.96200,10.14682,0.9620,1.07628,0.14800,-1.78577
0.96850,10.01506,0.9685,1.07784,0.14900,-1.79140
0.97500,9.88586,0.9750,1.07941,0.15000,-1.79696
0.98150,9.75914,0.9815,1.08101,0.15100,-1.80245
0.98800,9.63484,0.9880,1.08263,0.15200,-1.80787
0.99450,9.51290,0.9945,1.08427,0.15300,-1.81322
1.00100,9.39326,1.0010,1.08594,0.15400,-1.81850
1.00750,9.27586,1.0075,1.08762,0.15500,-1.82372
1.01400,9.16065,1.0140,1.08933,0.15600,-1.82886
1.02050,9.04758,1.0205,1.09106,0.15700,-1.83394
1.02700,8.93658,1.0270,1.09281,0.15800,-1.83895
1.03350,8.82762,1.0335,1.09458,0.15900,-1.84390
1.04000,8.72063,1.0400,1.09638,0.16000,-1.84878
1.04650,8.61558,1.0465,1.09820,0.16100,-1.85360
1.05300,8.51242,1.0530,1.10004,0.16200,-1.85836
1.05950,8.41109,1.0595,1.10190,0.16300,-1.86306
1.06600,8.31157,1.0660,1.10379,0.16400,-1.86769
1.07250,8.21380,1.0725,1.10570,0.16500,-1.87227
1.07900,8.11775,1.0790,1.10763,0.16600,-1.87679
1.08550,8.02337,1.0855,1.10959,0.16700,-1.88124
1.09200,7.93063,1.0920,1.11157,0.16800,-1.88565
1.09850,7.83949,1.0985,1.11357,0.16900,-1.88999
1.10500,7.74990,1.1050,1.11560,0.17000,-1.89428
1.11150,7.66185,1.1115,1.11765,0.17100,-1.89851
1.11800,7.57529,1.1180,1.11973,0.17200,-1.90269
1.12450,7.49019,1.1245,1.12183,0.17300,-1.90682
1.13100,7.40651,1.1310,1.12396,0.17400,-1.91089
1.13750,7.32423,1.1375,1.12610,0.17500,-1.91492
1.14400,7.24331,1.1440,1.12828,0.17600,-1.91889
1.15050,7.16372,1.1505,1.13048,0.17700,-1.92281
1.15700,7.08544,1.1570,1.13270,0.17800,-1.92668
1.16350,7.00843,1.1635,1.13495,0.17900,-1.93050
1.17000,6.93268,1.1700,1.13723,0.18000,-1.93427
1.17650,6.85815,1.1765,1.13953,0.18100,-1.93800
1.18300,6.78482,1.1830,1.14185,0.18200,-1.94168
1.18950,6.71266,1.1895,1.14420,0.18300,-1.94532
1.19600,6.64164,1.1960,1.14658,0.18400,-1.94890
1.20250,6.57172,1.2025,1.14898,0.18500,-1.95245
1.20900,6.50290,1.2090,1.15141,0.18600,-1.95595
1.21550,6.43515,1.2155,1.15387,0.18700,-1.95941
1.22200,6.36846,1.2220,1.15635,0.18800,-1.96283
1.22850,6.30282,1.2285,1.15886,0.18900,-1.96620
1.23500,6.23822,1.2350,1.16139,0.19000,-1.96954
1.24150,6.17463,1.2415,1.16395,0.19100,-1.97283
1.24800,6.11199,1.2480,1.16654,0.19200,-1.97609
1.25450,6.05027,1.2545,1.16916,0.19300,-1.97930
1.26100,5.98943,1.2610,1.17180,0.19400,-1.98248
1.26750,5.92944,1.2675,1.17447,0.19500,-1.98562
1.27400,5.87032,1.2740,1.17717,0.19600,-1.98873
1.28050,5.81213,1.2805,1.17989,0.19700,-1.99179
1.28700,5.75492,1.2870,1.18265,0.19800,-1.99483
1.29350,5.69868,1.2935,1.18543,0.19900,-1.99782
1.30000,5.64337,1.3000,1.18824,0.20000,-2.00079
1.30650,5.58884,1.3065,1.19108,0.20100,-2.00372
1.31300,5.53491,1.3130,1.19394,0.20200,-2.00661
1.31950,5.48145,1.3195,1.19684,0.20300,-2.00948
1.32600,5.42846,1.3260,1.19976,0.20400,-2.01231
1.33250,5.37611,1.3325,1.20271,0.20500,-2.01511
1.33900,5.32473,1.3390,1.20569,0.20600,-2.01789
1.34550,5.27467,1.3455,1.20870,0.20700,-2.02063
1.35200,5.22608,1.3520,1.21174,0.20800,-2.02334
1.35850,5.17872,1.3585,1.21481,0.20900,-2.02602
1.36500,5.13193,1.3650,1.21791,0.21000,-2.02868
1.37150,5.08483,1.3715,1.22104,0.21100,-2.03130
1.37800,5.03675,1.3780,1.22419,0.21200,-2.03390
1.38450,4.98766,1.3845,1.22738,0.21300,-2.03648
1.39100,4.93855,1.3910,1.23059,0.21400,-2.03902
1.39750,4.89128,1.3975,1.23384,0.21500,-2.04155
1.40400,4.84773,1.4040,1.23712,0.21600,-2.04404
1.41050,4.80886,1.4105,1.24044,0.21700,-2.04651
1.41700,4.77366,1.4170,1.24379,0.21800,-2.04896
1.42350,4.73871,1.4235,1.24717,0.21900,-2.05138
1.43000,4.69929,1.4300,1.25057,0.22000,-2.05378
1.43650,4.65162,1.4365,1.25399,0.22100,-2.05616
1.44300,4.59501,1.4430,1.25742,0.22200,-2.05852
1.44950,4.53401,1.4495,1.26089,0.22300,-2.06085
1.45600,4.47837,1.4560,1.26440,0.22400,-2.06316
1.46250,4.44013,1.4625,1.26797,0.22500,-2.06545
1.46900,4.42998,1.4690,1.27160,0.22600,-2.06772
1.47550,4.45356,1.4755,1.27530,0.22700,-2.06998
1.48200,4.50784,1.4820,1.27903,0.22800,-2.07221
1.48850,4.57749,1.4885,1.28275,0.22900,-2.07442
1.49500,4.63116,1.4950,1.28642,0.23000,-2.07661
1.50150,4.43594,1.5015,0.70479,0.23100,-2.07879
1.50800,4.44929,1.5080,0.67895,0.23200,-2.08094
1.51450,4.46061,1.5145,0.65368,0.23300,-2.08308
1.52100,4.46991,1.5210,0.62896,0.23400,-2.08520
1.52750,4.47719,1.5275,0.60480,0.23500,-2.08731
1.53400,4.48247,1.5340,0.58120,0.23600,-2.08940
1.54050,4.48575,1.5405,0.55816,0.23700,-2.09147
1.54700,4.48705,1.5470,0.53566,0.23800,-2.09353
1.55350,4.48638,1.5535,0.51372,0.23900,-2.09557
1.56000,4.48377,1.5600,0.49233,0.24000,-2.09760
1.56650,4.47923,1.5665,0.47148,0.24100,-2.09961
1.57300,4.47279,1.5730,0.45118,0.24200,-2.10161
1.57950,4.46446,1.5795,0.43141,0.24300,-2.10359
1.58600,4.45429,1.5860,0.41218,0.24400,-2.10556
1.59250,4.44228,1.5925,0.39347,0.24500,-2.10752
1.59900,4.42849,1.5990,0.37529,0.24600,-2.10946
1.60550,4.41292,1.6055,0.35764,0.24700,-2.11139
1.61200,4.39562,1.6120,0.34049,0.24800,-2.11331
1.61850,4.37663,1.6185,0.32386,0.24900,-2.11522
1.62500,4.35597,1.6250,0.30774,0.25000,-2.11711
1.63150,4.33369,1.6315,0.29211,0.25100,-2.11899
1.63800,4.30982,1.6380,0.27698,0.25200,-2.12086
1.64450,4.28441,1.6445,0.26233,0.25300,-2.12273
1.65100,4.25748,1.6510,0.24816,0.25400,-2.12458
1.65750,4.22910,1.6575,0.23447,0.25500,-2.12641
1.66400,4.19929,1.6640,0.22125,0.25600,-2.12824
1.67050,4.16810,1.6705,0.20848,0.25700,-2.13006
1.67700,4.13558,1.6770,0.19617,0.25800,-2.13187
1.68350,4.10177,1.6835,0.18431,0.25900,-2.13367
1.69000,4.06672,1.6900,0.17289,0.26000,-2.13546
1.69650,4.03048,1.6965,0.16189,0.26100,-2.13725
1.70300,3.99309,1.7030,0.15132,0.26200,-2.13902
1.70950,3.95460,1.7095,0.14117,0.26300,-2.14079
1.71600,3.91505,1.7160,0.13143,0.26400,-2.14254
1.72250,3.87451,1.7225,0.12208,0.26500,-2.14429
1.72900,3.83301,1.7290,0.11313,0.26600,-2.14603
1.73550,3.79061,1.7355,0.10457,0.26700,-2.14776
1.74200,3.74735,1.7420,0.09638,0.26800,-2.14949
1.74850,3.70329,1.7485,0.08855,0.26900,-2.15121
1.75500,3.65848,1.7550,0.08109,0.27000,-2.15292
1.76150,3.61296,1.7615,0.07398,0.27100,-2.15462
1.76800,3.56678,1.7680,0.06721,0.27200,-2.15632
1.77450,3.52000,1.7745,0.06078,0.27300,-2.15801
1.78100,3.47265,1.7810,0.05467,0.27400,-2.15969
1.78750,3.42480,1.7875,0.04888,0.27500,-2.16137
1.79400,3.37649,1.7940,0.04340,0.27600,-2.16304
1.80050,3.32777,1.8005,0.03823,0.27700,-2.16471
1.80700,3.27868,1.8070,0.03334,0.27800,-2.16637
1.81350,3.22927,1.8135,0.02874,0.27900,-2.16802
1.82000,3.17959,1.8200,0.02441,0.28000,-2.16967
1.82650,3.12968,1.8265,0.02036,0.28100,-2.17132
1.83300,3.07959,1.8330,0.01656,0.28200,-2.17296
1.83950,3.02936,1.8395,0.01301,0.28300,-2.17459
1.84600,2.97903,1.8460,0.00971,0.28400,-2.17622
1.85250,2.92865,1.8525,0.00664,0.28500,-2.17784
1.85900,2.87826,1.8590,0.00380,0.28600,-2.17946
1.86550,2.82789,1.8655,0.00118,0.28700,-2.18108
1.87200,2.77758,1.8720,-0.00123,0.28800,-2.18269
1.87850,2.72737,1.8785,-0.00343,0.28900,-2.18429
1.88500,2.67730,1.8850,-0.00544,0.29000,-2.18589
1.89150,2.62740,1.8915,-0.00726,0.29100,-2.18749
1.89800,2.57771,1.8980,-0.00890,0.29200,-2.18908
1.90450,2.52824,1.9045,-0.01036,0.29300,-2.19067
1.91100,2.47904,1.9110,-0.01165,0.29400,-2.19226
1.91750,2.43013,1.9175,-0.01278,0.29500,-2.19384
1.92400,2.38154,1.9240,-0.01376,0.29600,-2.19541
1.93050,2.33329,1.9305,-0.01458,0.29700,-2.19699
1.93700,2.28541,1.9370,-0.01527,0.29800,-2.19856
1.94350,2.23792,1.9435,-0.01581,0.29900,-2.20012
1.95000,2.19085,1.9500,-0.01623,0.30000,-2.20169
1.95650,2.14420,1.9565,-0.01653,0.30100,-2.20325
1.96300,2.09801,1.9630,-0.01670,0.30200,-2.20480
1.96950,2.05229,1.9695,-0.01677,0.30300,-2.20636
1.97600,2.00705,1.9760,-0.01672,0.30400,-2.20791
1.98250,1.96232,1.9825,-0.01657,0.30500,-2.20945
1.98900,1.91810,1.9890,-0.01633,0.30600,-2.21100
1.99550,1.87441,1.9955,-0.01600,0.30700,-2.21254
2.00200,1.83126,2.0020,-0.01558,0.30800,-2.21407
2.00850,1.78866,2.0085,-0.01508,0.30900,-2.21561
2.01500,1.74663,2.0150,-0.01450,0.31000,-2.21714
2.02150,1.70517,2.0215,-0.01385,0.31100,-2.21867
2.02800,1.66429,2.0280,-0.01313,0.31200,-2.22019
2.03450,1.62399,2.0345,-0.01235,0.31300,-2.22172
2.04100,1.58429,2.0410,-0.01151,0.31400,-2.22324
2.04750,1.54519,2.0475,-0.01061,0.31500,-2.22475
2.05400,1.50670,2.0540,-0.00967,0.31600,-2.22627
2.06050,1.46881,2.0605,-0.00868,0.31700,-2.22778
2.06700,1.43153,2.0670,-0.00764,0.31800,-2.22929
2.07350,1.39486,2.0735,-0.00657,0.31900,-2.23079
2.08000,1.35881,2.0800,-0.00546,0.32000,-2.23229
2.08650,1.32338,2.0865,-0.00432,0.32100,-2.23379
2.09300,1.28856,2.0930,-0.00315,0.32200,-2.23529
2.09950,1.25436,2.0995,-0.00195,0.32300,-2.23679
2.10600,1.22077,2.1060,-0.00074,0.32400,-2.23828
2.11250,1.18779,2.1125,0.00050,0.32500,-2.23977
2.11900,1.15542,2.1190,0.00175,0.32600,-2.24125
2.12550,1.12366,2.1255,0.00302,0.32700,-2.24273
2.13200,1.09250,2.1320,0.00429,0.32800,-2.24421
2.13850,1.06194,2.1385,0.00558,0.32900,-2.24569
2.14500,1.03198,2.1450,0.00687,0.33000,-2.24717
2.15150,1.00260,2.1515,0.00816,0.33100,-2.24864
2.15800,0.97382,2.1580,0.00945,0.33200,-2.25010
2.16450,0.94561,2.1645,0.01074,0.33300,-2.25157
2.17100,0.91797,2.1710,0.01203,0.33400,-2.25303
2.17750,0.89090,2.1775,0.01331,0.33500,-2.25449
2.18400,0.86439,2.1840,0.01459,0.33600,-2.25595
2.19050,0.83844,2.1905,0.01585,0.33700,-2.25740
2.19700,0.81303,2.1970,0.01710,0.33800,-2.25885
2.20350,0.78816,2.2035,0.01834,0.33900,-2.26030
2.21000,0.76382,2.2100,0.01957,0.34000,-2.26174
2.21650,0.74001,2.2165,0.02077,0.34100,-2.26318
2.22300,0.71671,2.2230,0.02196,0.34200,-2.26462
2.22950,0.69392,2.2295,0.02313,0.34300,-2.26606
2.23600,0.67163,2.2360,0.02428,0.34400,-2.26749
2.24250,0.64983,2.2425,0.02541,0.34500,-2.26891
2.24900,0.62851,2.2490,0.02651,0.34600,-2.27034
2.25550,0.60767,2.2555,0.02759,0.34700,-2.27176
2.26200,0.58730,2.2620,0.02865,0.34800,-2.27318
2.26850,0.56739,2.2685,0.02968,0.34900,-2.27459
2.27500,0.54792,2.2750,0.03068,0.35000,-2.27600
2.28150,0.52890,2.2815,0.03166,0.35100,-2.27740
2.28800,0.51032,2.2880,0.03261,0.35200,-2.27881
2.29450,0.49216,2.2945,0.03352,0.35300,-2.28021
2.30100,0.47442,2.3010,0.03441,0.35400,-2.28160
2.30750,0.45710,2.3075,0.03527,0.35500,-2.28299
2.31400,0.44018,2.3140,0.03611,0.35600,-2.28438
2.32050,0.42366,2.3205,0.03691,0.35700,-2.28576
2.32700,0.40752,2.3270,0.03767,0.35800,-2.28714
2.33350,0.39178,2.3335,0.03841,0.35900,-2.28851
2.34000,0.37640,2.3400,0.03912,0.36000,-2.28989
2.34650,0.36140,2.3465,0.03980,0.36100,-2.29125
2.35300,0.34676,2.3530,0.04044,0.36200,-2.29261
2.35950,0.33248,2.3595,0.04106,0.36300,-2.29397
2.36600,0.31855,2.3660,0.04164,0.36400,-2.29532
2.37250,0.30496,2.3725,0.04219,0.36500,-2.29667
2.37900,0.29170,2.3790,0.04271,0.36600,-2.29802
2.38550,0.27878,2.3855,0.04320,0.36700,-2.29936
2.39200,0.26618,2.3920,0.04367,0.36800,-2.30069
2.39850,0.25390,2.3985,0.04410,0.36900,-2.30202
2.40500,0.24193,2.4050,0.04450,0.37000,-2.30335
2.41150,0.23027,2.4115,0.04487,0.37100,-2.30467
2.41800,0.21890,2.4180,0.04521,0.37200,-2.30598
2.42450,0.20784,2.4245,0.04553,0.37300,-2.30729
2.43100,0.19706,2.4310,0.04581,0.37400,-2.30860
2.43750,0.18656,2.4375,0.04607,0.37500,-2.30990
2.44400,0.17634,2.4440,0.04631,0.37600,-2.31119
2.45050,0.16639,2.4505,0.04651,0.37700,-2.31248
2.45700,0.15671,2.4570,0.04669,0.37800,-2.31376
2.46350,0.14729,2.4635,0.04685,0.37900,-2.31504
2.47000,0.13812,2.4700,0.04698,0.38000,-2.31631
2.47650,0.12921,2.4765,0.04709,0.38100,-2.31758
2.48300,0.12054,2.4830,0.04717,0.38200,-2.31884
2.48950,0.11211,2.4895,0.04724,0.38300,-2.32010
2.49600,0.10392,2.4960,0.04728,0.38400,-2.32135
2.50250,0.09596,2.5025,0.04730,0.38500,-2.32259
2.50900,0.08823,2.5090,0.04730,0.38600,-2.32383
2.51550,0.08072,2.5155,0.04728,0.38700,-2.32506
2.52200,0.07343,2.5220,0.04724,0.38800,-2.32629
2.52850,0.06634,2.5285,0.04719,0.38900,-2.32751
2.53500,0.05947,2.5350,0.04711,0.39000,-2.32872
2.54150,0.05280,2.5415,0.04702,0.39100,-2.32993
2.54800,0.04633,2.5480,0.04692,0.39200,-2.33113
2.55450,0.04006,2.5545,0.04680,0.39300,-2.33233
2.56100,0.03397,2.5610,0.04667,0.39400,-2.33351
2.56750,0.02807,2.5675,0.04652,0.39500,-2.33470
2.57400,0.02236,2.5740,0.04637,0.39600,-2.33587
2.58050,0.01682,2.5805,0.04620,0.39700,-2.33704
2.58700,0.01146,2.5870,0.04602,0.39800,-2.33820
2.59350,0.00627,2.5935,0.04583,0.39900,-2.33936
2.60000,0.00125,2.6000,0.04563,0.40000,-2.34051
2.60650,-0.00361,2.6065,0.04542,0.40100,-2.34165
2.61300,-0.00831,2.6130,0.04520,0.40200,-2.34278
2.61950,-0.01286,2.6195,0.04498,0.40300,-2.34391
2.62600,-0.01725,2.6260,0.04475,0.40400,-2.34503
2.63250,-0.02149,2.6325,0.04451,0.40500,-2.34614
2.63900,-0.02559,2.6390,0.04427,0.40600,-2.34725
2.64550,-0.02955,2.6455,0.04403,0.40700,-2.34835
2.65200,-0.03337,2.6520,0.04378,0.40800,-2.34944
2.65850,-0.03705,2.6585,0.04353,0.40900,-2.35052
2.66500,-0.04060,2.6650,0.04327,0.41000,-2.35160
2.67150,-0.04402,2.6715,0.04301,0.41100,-2.35267
2.67800,-0.04732,2.6780,0.04275,0.41200,-2.35373
2.68450,-0.05049,2.6845,0.04249,0.41300,-2.35479
2.69100,-0.05355,2.6910,0.04223,0.41400,-2.35583
2.69750,-0.05649,2.6975,0.04196,0.41500,-2.35687
2.70400,-0.05931,2.7040,0.04170,0.41600,-2.35790
2.71050,-0.06203,2.7105,0.04143,0.41700,-2.35893
2.71700,-0.06464,2.7170,0.04117,0.41800,-2.35994
2.72350,-0.06714,2.7235,0.04090,0.41900,-2.36095
2.73000,-0.06955,2.7300,0.04064,0.42000,-2.36195
2.73650,-0.07185,2.7365,0.04038,0.42100,-2.36295
2.74300,-0.07406,2.7430,0.04011,0.42200,-2.36393
2.74950,-0.07617,2.7495,0.03985,0.42300,-2.36491
2.75600,-0.07819,2.7560,0.03959,0.42400,-2.36588
2.76250,-0.08013,2.7625,0.03934,0.42500,-2.36684
2.76900,-0.08198,2.7690,0.03908,0.42600,-2.36779
2.77550,-0.08374,2.7755,0.03882,0.42700,-2.36874
2.78200,-0.08543,2.7820,0.03857,0.42800,-2.36968
2.78850,-0.08703,2.7885,0.03832,0.42900,-2.37060
2.79500,-0.08856,2.7950,0.03807,0.43000,-2.37152
2.80150,-0.09002,2.8015,0.03782,0.43100,-2.37244
2.80800,-0.09140,2.8080,0.03758,0.43200,-2.37334
2.81450,-0.09272,2.8145,0.03733,0.43300,-2.37424
2.82100,-0.09396,2.8210,0.03709,0.43400,-2.37513
2.82750,-0.09515,2.8275,0.03685,0.43500,-2.37601
2.83400,-0.09627,2.8340,0.03661,0.43600,-2.37688
2.84050,-0.09733,2.8405,0.03637,0.43700,-2.37774
2.84700,-0.09832,2.8470,0.03614,0.43800,-2.37860
2.85350,-0.09927,2.8535,0.03590,0.43900,-2.37944
2.86000,-0.10016,2.8600,0.03567,0.44000,-2.38028
2.86650,-0.10099,2.8665,0.03544,0.44100,-2.38111
2.87300,-0.10177,2.8730,0.03521,0.44200,-2.38193
2.87950,-0.10251,2.8795,0.03498,0.44300,-2.38274
2.88600,-0.10319,2.8860,0.03475,0.44400,-2.38355
2.89250,-0.10384,2.8925,0.03453,0.44500,-2.38434
2.89900,-0.10443,2.8990,0.03430,0.44600,-2.38513
2.90550,-0.10498,2.9055,0.03408,0.44700,-2.38591
2.91200,-0.10550,2.9120,0.03385,0.44800,-2.38668
2.91850,-0.10597,2.9185,0.03363,0.44900,-2.38744
2.92500,-0.10641,2.9250,0.03340,0.45000,-2.38819
2.93150,-0.10680,2.9315,0.03318,0.45100,-2.38894
2.93800,-0.10717,2.9380,0.03296,0.45200,-2.38967
2.94450,-0.10750,2.9445,0.03273,0.45300,-2.39040
2.95100,-0.10780,2.9510,0.03251,0.45400,-2.39112
2.95750,-0.10806,2.9575,0.03228,0.45500,-2.39183
2.96400,-0.10830,2.9640,0.03206,0.45600,-2.39253
2.97050,-0.10851,2.9705,0.03183,0.45700,-2.39322
2.97700,-0.10869,2.9770,0.03160,0.45800,-2.39390
2.98350,-0.10885,2.9835,0.03138,0.45900,-2.39458
2.99000,-0.10898,2.9900,0.03115,0.46000,-2.39525
2.99650,-0.10909,2.9965,0.03092,0.46100,-2.39590
3.00300,-0.10918,3.0030,0.03068,0.46200,-2.39655
3.00950,-0.10924,3.0095,0.03045,0.46300,-2.39719
3.01600,-0.10929,3.0160,0.03022,0.46400,-2.39782
3.02250,-0.10931,3.0225,0.02998,0.46500,-2.39845
3.02900,-0.10932,3.0290,0.02974,0.46600,-2.39906
3.03550,-0.10931,3.0355,0.02950,0.46700,-2.39967
3.04200,-0.10928,3.0420,0.02926,0.46800,-2.40026
3.04850,-0.10924,3.0485,0.02901,0.46900,-2.40085
3.05500,-0.10918,3.0550,0.02877,0.47000,-2.40143
3.06150,-0.10911,3.0615,0.02852,0.47100,-2.40200
3.06800,-0.10902,3.0680,0.02827,0.47200,-2.40256
3.07450,-0.10893,3.0745,0.02802,0.47300,-2.40311
3.08100,-0.10882,3.0810,0.02776,0.47400,-2.40366
3.08750,-0.10870,3.0875,0.02751,0.47500,-2.40419
3.09400,-0.10857,3.0940,0.02725,0.47600,-2.40472
3.10050,-0.10842,3.1005,0.02699,0.47700,-2.40524
3.10700,-0.10827,3.1070,0.02673,0.47800,-2.40575
3.11350,-0.10812,3.1135,0.02646,0.47900,-2.40625
3.12000,-0.10795,3.1200,0.02620,0.48000,-2.40674
3.12650,-0.10777,3.1265,0.02593,0.48100,-2.40722
3.13300,-0.10759,3.1330,0.02566,0.48200,-2.40770
3.13950,-0.10740,3.1395,0.02539,0.48300,-2.40816
3.14600,-0.10721,3.1460,0.02512,0.48400,-2.40862
3.15250,-0.10701,3.1525,0.02485,0.48500,-2.40907
3.15900,-0.10680,3.1590,0.02457,0.48600,-2.40951
3.16550,-0.10659,3.1655,0.02430,0.48700,-2.40994
3.17200,-0.10638,3.1720,0.02402,0.48800,-2.41036
3.17850,-0.10616,3.1785,0.02374,0.48900,-2.41077
3.18500,-0.10593,3.1850,0.02347,0.49000,-2.41118
3.19150,-0.10571,3.1915,0.02319,0.49100,-2.41157
3.19800,-0.10548,3.1980,0.02291,0.49200,-2.41196
3.20450,-0.10524,3.2045,0.02263,0.49300,-2.41234
3.21100,-0.10500,3.2110,0.02235,0.49400,-2.41271
3.21750,-0.10476,3.2175,0.02207,0.49500,-2.41307
3.22400,-0.10452,3.2240,0.02179,0.49600,-2.41343
3.23050,-0.10428,3.2305,0.02151,0.49700,-2.41377
3.23700,-0.10403,3.2370,0.02123,0.49800,-2.41411
3.24350,-0.10378,3.2435,0.02095,0.49900,-2.41443
3.25000,-0.10353,3.2500,0.02067,0.50000,-2.41475
3.25650,-0.10328,3.2565,0.02039,0.50100,-2.41506
3.26300,-0.10303,3.2630,0.02011,0.50200,-2.41537
3.26950,-0.10277,3.2695,0.01984,0.50300,-2.41566
3.27600,-0.10252,3.2760,0.01956,0.50400,-2.41594
3.28250,-0.10226,3.2825,0.01929,0.50500,-2.41622
3.28900,-0.10200,3.2890,0.01902,0.50600,-2.41649
3.29550,-0.10174,3.2955,0.01875,0.50700,-2.41675
3.30200,-0.10148,3.3020,0.01848,0.50800,-2.41700
3.30850,-0.10122,3.3085,0.01821,0.50900,-2.41724
3.31500,-0.10096,3.3150,0.01795,0.51000,-2.41748
3.32150,-0.10070,3.3215,0.01769,0.51100,-2.41770
3.32800,-0.10043,3.3280,0.01743,0.51200,-2.41792
3.33450,-0.10017,3.3345,0.01717,0.51300,-2.41813
3.34100,-0.09990,3.3410,0.01692,0.51400,-2.41833
3.34750,-0.09964,3.3475,0.01666,0.51500,-2.41853
3.35400,-0.09937,3.3540,0.01642,0.51600,-2.41871
3.36050,-0.09911,3.3605,0.01617,0.51700,-2.41889
3.36700,-0.09884,3.3670,0.01593,0.51800,-2.41906
3.37350,-0.09858,3.3735,0.01569,0.51900,-2.41922
3.38000,-0.09831,3.3800,0.01545,0.52000,-2.41937
3.38650,-0.09804,3.3865,0.01522,0.52100,-2.41951
3.39300,-0.09777,3.3930,0.01499,0.52200,-2.41965
3.39950,-0.09750,3.3995,0.01477,0.52300,-2.41978
3.40600,-0.09723,3.4060,0.01455,0.52400,-2.41990
3.41250,-0.09697,3.4125,0.01433,0.52500,-2.42001
3.41900,-0.09670,3.4190,0.01412,0.52600,-2.42011
3.42550,-0.09643,3.4255,0.01391,0.52700,-2.42021
3.43200,-0.09616,3.4320,0.01370,0.52800,-2.42029
3.43850,-0.09589,3.4385,0.01350,0.52900,-2.42037
3.44500,-0.09562,3.4450,0.01331,0.53000,-2.42045
3.45150,-0.09535,3.4515,0.01311,0.53100,-2.42051
3.45800,-0.09508,3.4580,0.01292,0.53200,-2.42057
3.46450,-0.09481,3.4645,0.01274,0.53300,-2.42061
3.47100,-0.09454,3.4710,0.01256,0.53400,-2.42065
3.47750,-0.09427,3.4775,0.01238,0.53500,-2.42069
3.48400,-0.09400,3.4840,0.01221,0.53600,-2.42071
3.49050,-0.09373,3.4905,0.01204,0.53700,-2.42073
3.49700,-0.09346,3.4970,0.01188,0.53800,-2.42074
3.50350,-0.09320,3.5035,0.01172,0.53900,-2.42074
3.51000,-0.09293,3.5100,0.01157,0.54000,-2.42074
3.51650,-0.09266,3.5165,0.01142,0.54100,-2.42072
3.52300,-0.09240,3.5230,0.01127,0.54200,-2.42070
3.52950,-0.09213,3.5295,0.01112,0.54300,-2.42067
3.53600,-0.09187,3.5360,0.01099,0.54400,-2.42064
3.54250,-0.09161,3.5425,0.01085,0.54500,-2.42059
3.54900,-0.09134,3.5490,0.01072,0.54600,-2.42054
3.55550,-0.09108,3.5555,0.01059,0.54700,-2.42048
3.56200,-0.09082,3.5620,0.01047,0.54800,-2.42042
3.56850,-0.09057,3.5685,0.01035,0.54900,-2.42034
3.57500,-0.09031,3.5750,0.01023,0.55000,-2.42026
3.58150,-0.09006,3.5815,0.01012,0.55100,-2.42017
3.58800,-0.08980,3.5880,0.01000,0.55200,-2.42008
3.59450,-0.08955,3.5945,0.00990,0.55300,-2.41998
3.60100,-0.08930,3.6010,0.00979,0.55400,-2.41987
3.60750,-0.08906,3.6075,0.00969,0.55500,-2.41975
3.61400,-0.08881,3.6140,0.00960,0.55600,-2.41963
3.62050,-0.08857,3.6205,0.00950,0.55700,-2.41949
3.62700,-0.08833,3.6270,0.00941,0.55800,-2.41936
3.63350,-0.08809,3.6335,0.00932,0.55900,-2.41921
3.64000,-0.08785,3.6400,0.00923,0.56000,-2.41906
3.64650,-0.08762,3.6465,0.00915,0.56100,-2.41890
3.65300,-0.08739,3.6530,0.00907,0.56200,-2.41873
3.65950,-0.08716,3.6595,0.00899,0.56300,-2.41856
3.66600,-0.08693,3.6660,0.00891,0.56400,-2.41838
3.67250,-0.08671,3.6725,0.00883,0.56500,-2.41819
3.67900,-0.08649,3.6790,0.00876,0.56600,-2.41799
3.68550,-0.08627,3.6855,0.00869,0.56700,-2.41779
3.69200,-0.08606,3.6920,0.00862,0.56800,-2.41758
3.69850,-0.08584,3.6985,0.00855,0.56900,-2.41737
3.70500,-0.08564,3.7050,0.00849,0.57000,-2.41715
3.71150,-0.08543,3.7115,0.00842,0.57100,-2.41692
3.71800,-0.08522,3.7180,0.00836,0.57200,-2.41668
3.72450,-0.08502,3.7245,0.00830,0.57300,-2.41644
3.73100,-0.08483,3.7310,0.00823,0.57400,-2.41619
3.73750,-0.08463,3.7375,0.00817,0.57500,-2.41594
3.74400,-0.08444,3.7440,0.00812,0.57600,-2.41568
3.75050,-0.08425,3.7505,0.00806,0.57700,-2.41541
3.75700,-0.08406,3.7570,0.00800,0.57800,-2.41514
3.76350,-0.08388,3.7635,0.00795,0.57900,-2.41485
3.77000,-0.08370,3.7700,0.00789,0.58000,-2.41457
3.77650,-0.08352,3.7765,0.00784,0.58100,-2.41427
3.78300,-0.08334,3.7830,0.00778,0.58200,-2.41397
3.78950,-0.08317,3.7895,0.00773,0.58300,-2.41367
3.79600,-0.08300,3.7960,0.00767,0.58400,-2.41335
3.80250,-0.08283,3.8025,0.00762,0.58500,-2.41303
3.80900,-0.08267,3.8090,0.00757,0.58600,-2.41271
3.81550,-0.08251,3.8155,0.00752,0.58700,-2.41238
3.82200,-0.08234,3.8220,0.00747,0.58800,-2.41204
3.82850,-0.08219,3.8285,0.00741,0.58900,-2.41170
3.83500,-0.08203,3.8350,0.00736,0.59000,-2.41135
3.84150,-0.08187,3.8415,0.00731,0.59100,-2.41099
3.84800,-0.08172,3.8480,0.00726,0.59200,-2.41063
3.85450,-0.08157,3.8545,0.00721,0.59300,-2.41026
3.86100,-0.08142,3.8610,0.00716,0.59400,-2.40988
3.86750,-0.08127,3.8675,0.00711,0.59500,-2.40950
3.87400,-0.08112,3.8740,0.00706,0.59600,-2.40912
3.88050,-0.08097,3.8805,0.00700,0.59700,-2.40873
3.88700,-0.08083,3.8870,0.00695,0.59800,-2.40833
3.89350,-0.08068,3.8935,0.00690,0.59900,-2.40792
3.90000,-0.08054,3.9000,0.00685,0.60000,-2.40751
3.90650,-0.08039,3.9065,0.00680,0.60100,-2.40710
3.91300,-0.08024,3.9130,0.00675,0.60200,-2.40668
3.91950,-0.08010,3.9195,0.00670,0.60300,-2.40625
3.92600,-0.07995,3.9260,0.00665,0.60400,-2.40582
3.93250,-0.07980,3.9325,0.00660,0.60500,-2.40538
3.93900,-0.07966,3.9390,0.00655,0.60600,-2.40494
3.94550,-0.07951,3.9455,0.00650,0.60700,-2.40449
3.95200,-0.07936,3.9520,0.00645,0.60800,-2.40403
3.95850,-0.07920,3.9585,0.00640,0.60900,-2.40357
3.96500,-0.07905,3.9650,0.00635,0.61000,-2.40310
3.97150,-0.07889,3.9715,0.00631,0.61100,-2.40263
3.97800,-0.07873,3.9780,0.00626,0.61200,-2.40215
3.98450,-0.07857,3.9845,0.00621,0.61300,-2.40167
3.99100,-0.07841,3.9910,0.00616,0.61400,-2.40118
3.99750,-0.07824,3.9975,0.00612,0.61500,-2.40069
4.00400,-0.07807,4.0040,0.00607,0.61600,-2.40019
4.01050,-0.07790,4.0105,0.00602,0.61700,-2.39969
4.01700,-0.07772,4.0170,0.00598,0.61800,-2.39918
4.02350,-0.07754,4.0235,0.00593,0.61900,-2.39866
4.03000,-0.07736,4.0300,0.00589,0.62000,-2.39814
4.03650,-0.07717,4.0365,0.00585,0.62100,-2.39762
4.04300,-0.07697,4.0430,0.00580,0.62200,-2.39709
4.04950,-0.07677,4.0495,0.00576,0.62300,-2.39655
4.05600,-0.07657,4.0560,0.00572,0.62400,-2.39601
4.06250,-0.07636,4.0625,0.00568,0.62500,-2.39546
4.06900,-0.07615,4.0690,0.00564,0.62600,-2.39491
4.07550,-0.07593,4.0755,0.00560,0.62700,-2.39436
4.08200,-0.07570,4.0820,0.00557,0.62800,-2.39380
4.08850,-0.07547,4.0885,0.00553,0.62900,-2.39323
4.09500,-0.07524,4.0950,0.00550,0.63000,-2.39266
4.10150,-0.07499,4.1015,0.00546,0.63100,-2.39208
4.10800,-0.07474,4.1080,0.00543,0.63200,-2.39150
4.11450,-0.07449,4.1145,0.00540,0.63300,-2.39092
4.12100,-0.07423,4.1210,0.00537,0.63400,-2.39032
4.12750,-0.07396,4.1275,0.00534,0.63500,-2.38973
4.13400,-0.07368,4.1340,0.00531,0.63600,-2.38913
4.14050,-0.07340,4.1405,0.00528,0.63700,-2.38852
4.14700,-0.07311,4.1470,0.00526,0.63800,-2.38791
4.15350,-0.07281,4.1535,0.00523,0.63900,-2.38730
4.16000,-0.07250,4.1600,0.00521,0.64000,-2.38668
4.16650,-0.07219,4.1665,0.00519,0.64100,-2.38605
4.17300,-0.07187,4.1730,0.00517,0.64200,-2.38542
4.17950,-0.07154,4.1795,0.00515,0.64300,-2.38479
4.18600,-0.07121,4.1860,0.00514,0.64400,-2.38415
4.19250,-0.07086,4.1925,0.00512,0.64500,-2.38351
4.19900,-0.07051,4.1990,0.00511,0.64600,-2.38286
4.20550,-0.07015,4.2055,0.00509,0.64700,-2.38220
4.21200,-0.06979,4.2120,0.00508,0.64800,-2.38155
4.21850,-0.06941,4.2185,0.00507,0.64900,-2.38088
4.22500,-0.06903,4.2250,0.00506,0.65000,-2.38022
4.23150,-0.06864,4.2315,0.00506,0.65100,-2.37955
4.23800,-0.06824,4.2380,0.00505,0.65200,-2.37887
4.24450,-0.06784,4.2445,0.00505,0.65300,-2.37819
4.25100,-0.06743,4.2510,0.00504,0.65400,-2.37751
4.25750,-0.06701,4.2575,0.00504,0.65500,-2.37682
4.26400,-0.06658,4.2640,0.00504,0.65600,-2.37612
4.27050,-0.06614,4.2705,0.00504,0.65700,-2.37542
4.27700,-0.06570,4.2770,0.00504,0.65800,-2.37472
4.28350,-0.06525,4.2835,0.00505,0.65900,-2.37401
4.29000,-0.06480,4.2900,0.00505,0.66000,-2.37330
4.29650,-0.06433,4.2965,0.00505,0.66100,-2.37259
4.30300,-0.06386,4.3030,0.00506,0.66200,-2.37187
4.30950,-0.06339,4.3095,0.00507,0.66300,-2.37114
4.31600,-0.06291,4.3160,0.00508,0.66400,-2.37041
4.32250,-0.06242,4.3225,0.00508,0.66500,-2.36968
4.32900,-0.06192,4.3290,0.00509,0.66600,-2.36894
4.33550,-0.06142,4.3355,0.00510,0.66700,-2.36820
4.34200,-0.06091,4.3420,0.00512,0.66800,-2.36745
4.34850,-0.06040,4.3485,0.00513,0.66900,-2.36670
4.35500,-0.05988,4.3550,0.00514,0.67000,-2.36594
4.36150,-0.05936,4.3615,0.00515,0.67100,-2.36518
4.36800,-0.05883,4.3680,0.00517,0.67200,-2.36442
4.37450,-0.05830,4.3745,0.00518,0.67300,-2.36365
4.38100,-0.05776,4.3810,0.00520,0.67400,-2.36288
4.38750,-0.05722,4.3875,0.00521,0.67500,-2.36210
4.39400,-0.05667,4.3940,0.00523,0.67600,-2.36132
4.40050,-0.05612,4.4005,0.00524,0.67700,-2.36054
4.40700,-0.05557,4.4070,0.00526,0.67800,-2.35975
4.41350,-0.05501,4.4135,0.00527,0.67900,-2.35895
4.42000,-0.05445,4.4200,0.00529,0.68000,-2.35816
4.42650,-0.05388,4.4265,0.00530,0.68100,-2.35735
4.43300,-0.05331,4.4330,0.00532,0.68200,-2.35655
4.43950,-0.05274,4.4395,0.00534,0.68300,-2.35574
4.44600,-0.05217,4.4460,0.00535,0.68400,-2.35492
4.45250,-0.05159,4.4525,0.00537,0.68500,-2.35410
4.45900,-0.05102,4.4590,0.00538,0.68600,-2.35328
4.46550,-0.05044,4.4655,0.00540,0.68700,-2.35245
4.47200,-0.04985,4.4720,0.00541,0.68800,-2.35162
4.47850,-0.04927,4.4785,0.00542,0.68900,-2.35079
4.48500,-0.04869,4.4850,0.00544,0.69000,-2.34995
4.49150,-0.04810,4.4915,0.00545,0.69100,-2.34910
4.49800,-0.04751,4.4980,0.00546,0.69200,-2.34825
4.50450,-0.04693,4.5045,0.00547,0.69300,-2.34740
4.51100,-0.04634,4.5110,0.00549,0.69400,-2.34654
4.51750,-0.04575,4.5175,0.00550,0.69500,-2.34568
4.52400,-0.04516,4.5240,0.00550,0.69600,-2.34482
4.53050,-0.04457,4.5305,0.00551,0.69700,-2.34395
4.53700,-0.04398,4.5370,0.00552,0.69800,-2.34308
4.54350,-0.04340,4.5435,0.00553,0.69900,-2.34220
4.55000,-0.04281,4.5500,0.00553,0.70000,-2.34132
4.55650,-0.04222,4.5565,0.00554,0.70100,-2.34043
4.56300,-0.04164,4.5630,0.00554,0.70200,-2.33954
4.56950,-0.04105,4.5695,0.00555,0.70300,-2.33864
4.57600,-0.04047,4.5760,0.00555,0.70400,-2.33774
4.58250,-0.03989,4.5825,0.00555,0.70500,-2.33684
4.58900,-0.03931,4.5890,0.00555,0.70600,-2.33593
4.59550,-0.03873,4.5955,0.00555,0.70700,-2.33502
4.60200,-0.03815,4.6020,0.00555,0.70800,-2.33411
4.60850,-0.03758,4.6085,0.00554,0.70900,-2.33319
4.61500,-0.03701,4.6150,0.00554,0.71000,-2.33226
4.62150,-0.03644,4.6215,0.00553,0.71100,-2.33133
4.62800,-0.03587,4.6280,0.00553,0.71200,-2.33040
4.63450,-0.03531,4.6345,0.00552,0.71300,-2.32946
4.64100,-0.03474,4.6410,0.00551,0.71400,-2.32852
4.64750,-0.03418,4.6475,0.00550,0.71500,-2.32757
4.65400,-0.03363,4.6540,0.00549,0.71600,-2.32662
4.66050,-0.03307,4.6605,0.00547,0.71700,-2.32567
4.66700,-0.03252,4.6670,0.00546,0.71800,-2.32471
4.67350,-0.03197,4.6735,0.00545,0.71900,-2.32375
4.68000,-0.03143,4.6800,0.00543,0.72000,-2.32278
4.68650,-0.03089,4.6865,0.00542,0.72100,-2.32180
4.69300,-0.03035,4.6930,0.00540,0.72200,-2.32083
4.69950,-0.02981,4.6995,0.00538,0.72300,-2.31985
4.70600,-0.02928,4.7060,0.00536,0.72400,-2.31886
4.71250,-0.02875,4.7125,0.00534,0.72500,-2.31787
4.71900,-0.02823,4.7190,0.00532,0.72600,-2.31687
4.72550,-0.02770,4.7255,0.00530,0.72700,-2.31587
4.73200,-0.02718,4.7320,0.00527,0.72800,-2.31487
4.73850,-0.02667,4.7385,0.00525,0.72900,-2.31386
4.74500,-0.02616,4.7450,0.00522,0.73000,-2.31285
4.75150,-0.02565,4.7515,0.00520,0.73100,-2.31183
4.75800,-0.02515,4.7580,0.00517,0.73200,-2.31081
4.76450,-0.02465,4.7645,0.00514,0.73300,-2.30978
4.77100,-0.02415,4.7710,0.00512,0.73400,-2.30875
4.77750,-0.02366,4.7775,0.00509,0.73500,-2.30771
4.78400,-0.02317,4.7840,0.00506,0.73600,-2.30667
4.79050,-0.02268,4.7905,0.00503,0.73700,-2.30562
4.79700,-0.02220,4.7970,0.00500,0.73800,-2.30457
4.80350,-0.02172,4.8035,0.00497,0.73900,-2.30351
4.81000,-0.02125,4.8100,0.00494,0.74000,-2.30245
4.81650,-0.02078,4.8165,0.00491,0.74100,-2.30139
4.82300,-0.02031,4.8230,0.00487,0.74200,-2.30032
4.82950,-0.01984,4.8295,0.00484,0.74300,-2.29924
4.83600,-0.01939,4.8360,0.00481,0.74400,-2.29816
4.84250,-0.01893,4.8425,0.00477,0.74500,-2.29707
4.84900,-0.01848,4.8490,0.00474,0.74600,-2.29598
4.85550,-0.01803,4.8555,0.00471,0.74700,-2.29488
4.86200,-0.01759,4.8620,0.00467,0.74800,-2.29378
4.86850,-0.01715,4.8685,0.00464,0.74900,-2.29268
4.87500,-0.01671,4.8750,0.00461,0.75000,-2.29156
4.88150,-0.01628,4.8815,0.00457,0.75100,-2.29045
4.88800,-0.01585,4.8880,0.00454,0.75200,-2.28933
4.89450,-0.01542,4.8945,0.00450,0.75300,-2.28820
4.90100,-0.01500,4.9010,0.00447,0.75400,-2.28706
4.90750,-0.01458,4.9075,0.00444,0.75500,-2.28593
4.91400,-0.01417,4.9140,0.00440,0.75600,-2.28478
4.92050,-0.01376,4.9205,0.00437,0.75700,-2.28363
4.92700,-0.01335,4.9270,0.00433,0.75800,-2.28248
4.93350,-0.01295,4.9335,0.00430,0.75900,-2.28132
4.94000,-0.01255,4.9400,0.00427,0.76000,-2.28015
4.94650,-0.01216,4.9465,0.00424,0.76100,-2.27898
4.95300,-0.01177,4.9530,0.00420,0.76200,-2.27780
4.95950,-0.01138,4.9595,0.00417,0.76300,-2.27662
4.96600,-0.01100,4.9660,0.00414,0.76400,-2.27543
4.97250,-0.01062,4.9725,0.00411,0.76500,-2.27423
4.97900,-0.01024,4.9790,0.00408,0.76600,-2.27303
4.98550,-0.00987,4.9855,0.00405,0.76700,-2.27182
4.99200,-0.00951,4.9920,0.00401,0.76800,-2.27061
4.99850,-0.00914,4.9985,0.00398,0.76900,-2.26939
5.00500,-0.00878,5.0050,0.00396,0.77000,-2.26816
5.01150,-0.00843,5.0115,0.00393,0.77100,-2.26693
5.01800,-0.00808,5.0180,0.00390,0.77200,-2.26569
5.02450,-0.00773,5.0245,0.00387,0.77300,-2.26445
5.03100,-0.00739,5.0310,0.00384,0.77400,-2.26320
5.03750,-0.00705,5.0375,0.00382,0.77500,-2.26194
5.04400,-0.00671,5.0440,0.00379,0.77600,-2.26068
5.05050,-0.00638,5.0505,0.00376,0.77700,-2.25941
5.05700,-0.00605,5.0570,0.00374,0.77800,-2.25813
5.06350,-0.00573,5.0635,0.00371,0.77900,-2.25685
5.07000,-0.00541,5.0700,0.00369,0.78000,-2.25556
5.07650,-0.00510,5.0765,0.00366,0.78100,-2.25426
5.08300,-0.00479,5.0830,0.00364,0.78200,-2.25296
5.08950,-0.00448,5.0895,0.00362,0.78300,-2.25164
5.09600,-0.00418,5.0960,0.00360,0.78400,-2.25033
5.10250,-0.00389,5.1025,0.00357,0.78500,-2.24900
5.10900,-0.00360,5.1090,0.00355,0.78600,-2.24767
5.11550,-0.00331,5.1155,0.00353,0.78700,-2.24633
5.12200,-0.00302,5.1220,0.00351,0.78800,-2.24498
5.12850,-0.00275,5.1285,0.00349,0.78900,-2.24363
5.13500,-0.00247,5.1350,0.00348,0.79000,-2.24227
5.14150,-0.00220,5.1415,0.00346,0.79100,-2.24090
5.14800,-0.00194,5.1480,0.00344,0.79200,-2.23953
5.15450,-0.00168,5.1545,0.00342,0.79300,-2.23814
5.16100,-0.00142,5.1610,0.00341,0.79400,-2.23675
5.16750,-0.00117,5.1675,0.00339,0.79500,-2.23535
5.17400,-0.00093,5.1740,0.00337,0.79600,-2.23394
5.18050,-0.00068,5.1805,0.00336,0.79700,-2.23253
5.18700,-0.00045,5.1870,0.00334,0.79800,-2.23111
5.19350,-0.00022,5.1935,0.00333,0.79900,-2.22968
5.20000,0.00001,5.2000,0.00332,0.80000,-2.22824
5.20650,0.00023,5.2065,0.00330,0.80100,-2.22679
5.21300,0.00045,5.2130,0.00329,0.80200,-2.22533
5.21950,0.00066,5.2195,0.00328,0.80300,-2.22387
5.22600,0.00087,5.2260,0.00326,0.80400,-2.22240
5.23250,0.00107,5.2325,0.00325,0.80500,-2.22092
5.23900,0.00127,5.2390,0.00324,0.80600,-2.21943
5.24550,0.00146,5.2455,0.00323,0.80700,-2.21793
5.25200,0.00165,5.2520,0.00322,0.80800,-2.21642
5.25850,0.00183,5.2585,0.00321,0.80900,-2.21490
5.26500,0.00201,5.2650,0.00320,0.81000,-2.21338
5.27150,0.00218,5.2715,0.00319,0.81100,-2.21184
5.27800,0.00234,5.2780,0.00318,0.81200,-2.21030
5.28450,0.00251,5.2845,0.00317,0.81300,-2.20875
5.29100,0.00266,5.2910,0.00316,0.81400,-2.20719
5.29750,0.00282,5.2975,0.00315,0.81500,-2.20561
5.30400,0.00296,5.3040,0.00314,0.81600,-2.20403
5.31050,0.00310,5.3105,0.00314,0.81700,-2.20244
5.31700,0.00324,5.3170,0.00313,0.81800,-2.20084
5.32350,0.00337,5.3235,0.00312,0.81900,-2.19923
5.33000,0.00350,5.3300,0.00311,0.82000,-2.19761
5.33650,0.00362,5.3365,0.00310,0.82100,-2.19598
5.34300,0.00374,5.3430,0.00310,0.82200,-2.19434
5.34950,0.00385,5.3495,0.00309,0.82300,-2.19269
5.35600,0.00396,5.3560,0.00308,0.82400,-2.19103
5.36250,0.00406,5.3625,0.00307,0.82500,-2.18936
5.36900,0.00415,5.3690,0.00307,0.82600,-2.18767
5.37550,0.00425,5.3755,0.00306,0.82700,-2.18598
5.38200,0.00433,5.3820,0.00305,0.82800,-2.18428
5.38850,0.00442,5.3885,0.00304,0.82900,-2.18256
5.39500,0.00449,5.3950,0.00303,0.83000,-2.18084
5.40150,0.00457,5.4015,0.00303,0.83100,-2.17910
5.40800,0.00464,5.4080,0.00302,0.83200,-2.17735
5.41450,0.00470,5.4145,0.00301,0.83300,-2.17559
5.42100,0.00476,5.4210,0.00300,0.83400,-2.17382
5.42750,0.00481,5.4275,0.00299,0.83500,-2.17204
5.43400,0.00486,5.4340,0.00298,0.83600,-2.17025
5.44050,0.00491,5.4405,0.00298,0.83700,-2.16844
5.44700,0.00495,5.4470,0.00297,0.83800,-2.16663
5.45350,0.00499,5.4535,0.00296,0.83900,-2.16480
5.46000,0.00502,5.4600,0.00295,0.84000,-2.16296
5.46650,0.00505,5.4665,0.00294,0.84100,-2.16110
5.47300,0.00508,5.4730,0.00293,0.84200,-2.15924
5.47950,0.00510,5.4795,0.00292,0.84300,-2.15736
5.48600,0.00512,5.4860,0.00291,0.84400,-2.15547
5.49250,0.00513,5.4925,0.00290,0.84500,-2.15357
5.49900,0.00514,5.4990,0.00289,0.84600,-2.15165
5.50550,0.00515,5.5055,0.00287,0.84700,-2.14972
5.51200,0.00515,5.5120,0.00286,0.84800,-2.14778
5.51850,0.00515,5.5185,0.00285,0.84900,-2.14583
5.52500,0.00514,5.5250,0.00284,0.85000,-2.14386
5.53150,0.00514,5.5315,0.00282,0.85100,-2.14188
5.53800,0.00512,5.5380,0.00281,0.85200,-2.13988
5.54450,0.00511,5.5445,0.00280,0.85300,-2.13788
5.55100,0.00509,5.5510,0.00278,0.85400,-2.13586
5.55750,0.00507,5.5575,0.00277,0.85500,-2.13382
5.56400,0.00505,5.5640,0.00275,0.85600,-2.13177
5.57050,0.00502,5.5705,0.00274,0.85700,-2.12971
5.57700,0.00499,5.5770,0.00272,0.85800,-2.12763
5.58350,0.00496,5.5835,0.00270,0.85900,-2.12554
5.59000,0.00493,5.5900,0.00269,0.86000,-2.12344
5.59650,0.00489,5.5965,0.00267,0.86100,-2.12132
5.60300,0.00485,5.6030,0.00265,0.86200,-2.11918
5.60950,0.00481,5.6095,0.00263,0.86300,-2.11703
5.61600,0.00477,5.6160,0.00261,0.86400,-2.11487
5.62250,0.00472,5.6225,0.00259,0.86500,-2.11269
5.62900,0.00467,5.6290,0.00257,0.86600,-2.11050
5.63550,0.00462,5.6355,0.00255,0.86700,-2.10829
5.64200,0.00457,5.6420,0.00253,0.86800,-2.10607
5.64850,0.00452,5.6485,0.00251,0.86900,-2.10383
5.65500,0.00446,5.6550,0.00249,0.87000,-2.10157
5.66150,0.00441,5.6615,0.00246,0.87100,-2.09930
5.66800,0.00435,5.6680,0.00244,0.87200,-2.09702
5.67450,0.00429,5.6745,0.00242,0.87300,-2.09472
5.68100,0.00423,5.6810,0.00239,0.87400,-2.09240
5.68750,0.00416,5.6875,0.00237,0.87500,-2.09007
5.69400,0.00410,5.6940,0.00234,0.87600,-2.08772
5.70050,0.00403,5.7005,0.00231,0.87700,-2.08535
5.70700,0.00397,5.7070,0.00229,0.87800,-2.08297
5.71350,0.00390,5.7135,0.00226,0.87900,-2.08057
5.72000,0.00383,5.7200,0.00223,0.88000,-2.07815
5.72650,0.00376,5.7265,0.00220,0.88100,-2.07572
5.73300,0.00370,5.7330,0.00218,0.88200,-2.07327
5.73950,0.00363,5.7395,0.00215,0.88300,-2.07081
5.74600,0.00355,5.7460,0.00212,0.88400,-2.06832
5.75250,0.00348,5.7525,0.00209,0.88500,-2.06582
5.75900,0.00341,5.7590,0.00206,0.88600,-2.06331
5.76550,0.00334,5.7655,0.00203,0.88700,-2.06077
5.77200,0.00327,5.7720,0.00200,0.88800,-2.05822
5.77850,0.00320,5.7785,0.00196,0.88900,-2.05565
5.78500,0.00312,5.7850,0.00193,0.89000,-2.05306
5.79150,0.00305,5.7915,0.00190,0.89100,-2.05046
5.79800,0.00298,5.7980,0.00187,0.89200,-2.04783
5.80450,0.00291,5.8045,0.00184,0.89300,-2.04519
5.81100,0.00283,5.8110,0.00180,0.89400,-2.04253
5.81750,0.00276,5.8175,0.00177,0.89500,-2.03985
5.82400,0.00269,5.8240,0.00174,0.89600,-2.03715
5.83050,0.00262,5.8305,0.00170,0.89700,-2.03444
5.83700,0.00254,5.8370,0.00167,0.89800,-2.03171
5.84350,0.00247,5.8435,0.00163,0.89900,-2.02895
5.85000,0.00240,5.8500,0.00160,0.90000,-2.02618
5.85650,0.00233,5.8565,0.00157,0.90100,-2.02339
5.86300,0.00226,5.8630,0.00153,0.90200,-2.02058
5.86950,0.00219,5.8695,0.00150,0.90300,-2.01775
5.87600,0.00213,5.8760,0.00146,0.90400,-2.01490
5.88250,0.00206,5.8825,0.00143,0.90500,-2.01204
5.88900,0.00199,5.8890,0.00139,0.90600,-2.00915
5.89550,0.00192,5.8955,0.00136,0.90700,-2.00624
5.90200,0.00186,5.9020,0.00133,0.90800,-2.00332
5.90850,0.00179,5.9085,0.00129,0.90900,-2.00037
5.91500,0.00173,5.9150,0.00126,0.91000,-1.99740
5.92150,0.00167,5.9215,0.00122,0.91100,-1.99442
5.92800,0.00161,5.9280,0.00119,0.91200,-1.99141
5.93450,0.00155,5.9345,0.00115,0.91300,-1.98838
5.94100,0.00149,5.9410,0.00112,0.91400,-1.98534
5.94750,0.00143,5.9475,0.00109,0.91500,-1.98227
5.95400,0.00137,5.9540,0.00105,0.91600,-1.97918
5.96050,0.00131,5.9605,0.00102,0.91700,-1.97607
5.96700,0.00126,5.9670,0.00099,0.91800,-1.97294
5.97350,0.00120,5.9735,0.00096,0.91900,-1.96979
5.98000,0.00115,5.9800,0.00093,0.92000,-1.96662
5.98650,0.00110,5.9865,0.00089,0.92100,-1.96342
5.99300,0.00105,5.9930,0.00086,0.92200,-1.96021
5.99950,0.00100,5.9995,0.00083,0.92300,-1.95697
6.00600,0.00095,6.0060,0.00080,0.92400,-1.95372
6.01250,0.00090,6.0125,0.00077,0.92500,-1.95044
6.01900,0.00086,6.0190,0.00074,0.92600,-1.94714
6.02550,0.00081,6.0255,0.00071,0.92700,-1.94382
6.03200,0.00077,6.0320,0.00069,0.92800,-1.94048
6.03850,0.00073,6.0385,0.00066,0.92900,-1.93711
6.04500,0.00069,6.0450,0.00063,0.93000,-1.93372
6.05150,0.00065,6.0515,0.00060,0.93100,-1.93031
6.05800,0.00061,6.0580,0.00058,0.93200,-1.92688
6.06450,0.00057,6.0645,0.00055,0.93300,-1.92343
6.07100,0.00054,6.0710,0.00053,0.93400,-1.91995
6.07750,0.00050,6.0775,0.00050,0.93500,-1.91645
6.08400,0.00047,6.0840,0.00048,0.93600,-1.91293
6.09050,0.00044,6.0905,0.00045,0.93700,-1.90939
6.09700,0.00041,6.0970,0.00043,0.93800,-1.90582
6.10350,0.00038,6.1035,0.00041,0.93900,-1.90224
6.11000,0.00035,6.1100,0.00039,0.94000,-1.89862
6.11650,0.00032,6.1165,0.00037,0.94100,-1.89499
6.12300,0.00030,6.1230,0.00035,0.94200,-1.89133
6.12950,0.00028,6.1295,0.00033,0.94300,-1.88765
6.13600,0.00025,6.1360,0.00031,0.94400,-1.88395
6.14250,0.00023,6.1425,0.00029,0.94500,-1.88022
6.14900,0.00021,6.1490,0.00027,0.94600,-1.87647
6.15550,0.00019,6.1555,0.00026,0.94700,-1.87270
6.16200,0.00017,6.1620,0.00024,0.94800,-1.86890
6.16850,0.00016,6.1685,0.00023,0.94900,-1.86508
6.17500,0.00014,6.1750,0.00021,0.95000,-1.86123
6.18150,0.00012,6.1815,0.00020,0.95100,-1.85737
6.18800,0.00011,6.1880,0.00018,0.95200,-1.85347
6.19450,0.00010,6.1945,0.00017,0.95300,-1.84956
6.20100,0.00009,6.2010,0.00016,0.95400,-1.84562
6.20750,0.00007,6.2075,0.00015,0.95500,-1.84165
6.21400,0.00006,6.2140,0.00014,0.95600,-1.83767
6.22050,0.00005,6.2205,0.00013,0.95700,-1.83365
6.22700,0.00005,6.2270,0.00012,0.95800,-1.82962
6.23350,0.00004,6.2335,0.00011,0.95900,-1.82556
6.24000,0.00003,6.2400,0.00010,0.96000,-1.82147
6.24650,0.00002,6.2465,0.00009,0.96100,-1.81737
6.25300,0.00002,6.2530,0.00008,0.96200,-1.81323
6.25950,0.00001,6.2595,0.00007,0.96300,-1.80907
6.26600,0.00001,6.2660,0.00007,0.96400,-1.80489
6.27250,0.00000,6.2725,0.00006,0.96500,-1.80068
6.27900,0.00000,6.2790,0.00005,0.96600,-1.79645
6.28550,0.00000,6.2855,0.00005,0.96700,-1.79220
6.29200,0.00000,6.2920,0.00004,0.96800,-1.78792
6.29850,-0.00001,6.2985,0.00004,0.96900,-1.78361
6.30500,-0.00001,6.3050,0.00003,0.97000,-1.77928
6.31150,-0.00001,6.3115,0.00003,0.97100,-1.77492
6.31800,-0.00001,6.3180,0.00003,0.97200,-1.77054
6.32450,-0.00001,6.3245,0.00002,0.97300,-1.76614
6.33100,-0.00001,6.3310,0.00002,0.97400,-1.76171
6.33750,-0.00001,6.3375,0.00002,0.97500,-1.75725
6.34400,-0.00001,6.3440,0.00002,0.97600,-1.75277
6.35050,-0.00001,6.3505,0.00001,0.97700,-1.74826
6.35700,-0.00001,6.3570,0.00001,0.97800,-1.74373
6.36350,-0.00001,6.3635,0.00001,0.97900,-1.73918
6.37000,-0.00001,6.3700,0.00001,0.98000,-1.73459
6.37650,-0.00001,6.3765,0.00001,0.98100,-1.72999
6.38300,-0.00001,6.3830,0.00001,0.98200,-1.72535
6.38950,-0.00001,6.3895,0.00000,0.98300,-1.72070
6.39600,-0.00001,6.3960,0.00000,0.98400,-1.71601
6.40250,-0.00001,6.4025,0.00000,0.98500,-1.71130
6.40900,0.00000,6.4090,0.00000,0.98600,-1.70657
6.41550,0.00000,6.4155,0.00000,0.98700,-1.70181
6.42200,0.00000,6.4220,0.00000,0.98800,-1.69703
6.42850,0.00000,6.4285,0.00000,0.98900,-1.69221
6.43500,0.00000,6.4350,0.00000,0.99000,-1.68738
6.44150,0.00000,6.4415,0.00000,0.99100,-1.68252
6.44800,0.00000,6.4480,0.00000,0.99200,-1.67763
6.45450,0.00000,6.4545,0.00000,0.99300,-1.67272
6.46100,0.00000,6.4610,0.00000,0.99400,-1.66778
6.46750,0.00000,6.4675,0.00000,0.99500,-1.66281
6.47400,0.00000,6.4740,0.00000,0.99600,-1.65782
6.48050,0.00000,6.4805,0.00000,0.99700,-1.65281
6.48700,0.00000,6.4870,0.00000,0.99800,-1.64777
6.49350,0.00000,6.4935,0.00000,0.99900,-1.64270
6.50000,0.00000,6.5000,0.00000,1.00000,-1.63761
